art_nr|art_uvp
81600|64,29
81601|46,45
81602|55,68
81603|38,21
81604|49,98
81605|46,90
81606|55,59
81607|28,45
81608|56,06
81609|56,06
81610|56,06
81611|28,45
81612|28,45
81613|61,49
81614|38,24
81615|48,77
81616|31,13
81617|33,49
81618|46,89
81619|75,03
81620|75,03
81621|33,80
81622|39,34
81623|20,20
81624|20,36
81625|39,34
81626|39,34
81627|60,04
81628|48,16
81629|13,59
81630|48,82
81631|44,07
81633|35,67
81634|64,05
81636|38,13
81637|38,50
81638|130,74
81639|71,24
81640|58,48
81641|26,50
81643|54,40
81644|41,40
81645|77,50
82601|57,86
82602|72,55
82603|19,06
82604|29,87
82605|38,01
82606|27,14
82607|31,87
82608|29,82
82609|152,77
82610|31,03
82611|28,61
82612|28,61
82613|63,52
82614|83,58
82615|23,57
82616|49,82
82617|21,31
82618|14,91
82619|87,15
82620|15,96
82621|33,55
82622|59,54
82623|59,54
82624|22,15
82625|72,55
82626|40,85
82627|25,62
82628|51,45
82629|34,55
82630|39,11
82631|62,79
82632|49,82
82633|49,56
82634|33,50
82635|90,51
82636|66,36
82637|40,85
82638|32,50
82639|37,22
82640|52,82
82641|21,58
82642|66,36
82643|57,86
82644|23,57
82645|68,88
82646|8,24
82647|7,50
82648|81,90
82649|38,01
82650|38,01
82651|54,60
82652|28,61
82653|28,92
82654|51,13
82655|64,99
82656|31,13
82657|42,84
82658|31,13
82659|25,62
82660|45,57
82661|45,57
82662|45,57
82663|25,62
82664|60,69
82665|17,33
82666|54,60
82667|60,69
82668|34,55
82669|33,92
82670|34,55
82671|34,55
82672|28,61
82673|45,57
82674|34,55
82675|40,85
82676|38,01
82677|43,26
82678|25,62
82680|30,20
82681|55,10
82682|38,65
82683|49,25
82684|33,95
82685|64,00
82686|33,95
82687|102,00
82688|22,40
82689|84,40
82690|26,90
82691|58,90
82692|25,80
82694|49,25
82695|49,25
82696|32,80
84601|50,07
84602|57,03
84603|145,27
84604|50,07
84606|50,07
84607|57,03
84608|145,21
84609|145,21
84611|145,21
84612|57,03
84613|145,21
84615|145,21
84617|145,21
84619|145,21
84620|146,69
84621|146,69
84622|42,88
84623|42,88
84624|146,69
84625|146,69
85600|147,00
85601|160,17
85602|13,00
85603|20,34
85606|12,43
85607|52,23
85608|102,25
85609|70,24
85610|30,52
85611|48,00
85612|55,65
85613|55,65
85614|43,00
85615|102,00
85616|114,00
85617|113,50
85618|68,55
85619|31,00
85620|195,00
85622|165,00
85625|34,80
85626|112,00
85628|171,50
85629|102,50
85630|266,00
86600|65,52
86601|111,30
86602|16,54
86603|36,33
86604|50,82
86605|31,18
86606|36,33
86607|107,10
86608|19,06
86609|37,15
86610|46,00
86611|37,15
86612|23,80
86613|37,15
86614|38,40
86615|51,70
86616|28,90
86617|42,65
86618|31,30
86619|56,20
86620|43,25
86621|154,50
86622|45,85
86623|20,05
86624|48,05
86625|48,05
86626|16,15
86627|44,05
86628|31,50
86629|48,05
86630|73,40
86631|9,50
86632|44,05
86633|51,30
86634|52,80
86635|54,10
86636|52,80
86637|33,35
86638|184,50
86639|44,05
86640|44,05
86641|44,05
86642|35,70
86643|21,50
86644|52,80
86645|37,45
86646|44,05
86647|32,80
86648|84,40
86650|76,10
86651|53,50
87600|46,93
87601|117,08
87602|32,50
87603|37,28
87604|41,37
87605|60,69
87606|28,35
87607|49,82
87608|49,82
87609|26,09
87610|49,82
87611|156,97
87612|53,55
87613|177,97
87614|56,91
87615|68,88
87616|53,13
87617|34,55
87618|31,13
87619|34,55
88600|45,15
88601|34,95
88602|33,50
88603|60,90
88604|49,90
88605|63,42
88606|40,10
88607|29,00
88608|78,50
88609|55,00
88610|165,00
88611|44,90
88612|23,90
88613|110,00
88614|67,50
88615|129,20
88616|47,50
88617|79,90
88618|45,50
88619|65,00
88620|51,90
88621|60,80
88622|67,80
88623|34,50
88624|94,50
88625|72,50
88626|74,10
88627|168,50
88628|160,30
88629|120,20
88630|57,00
88631|35,00
88632|54,00
88633|53,20
88634|24,00
88635|109,80
88637|138,40
88638|166,30
88639|181,40
BA71001|44,90
BA71002|44,90
BA71003|65,00
BA71004|37,35
BA71005|35,75
BA71006|44,90
BA71007|44,90
BA71008|44,90
BA71009|44,90
BA71010|44,90
BA71011|44,90
BA71014|74,00
BA71015|73,70
BA71016|82,50
BA71017|78,10
BA71018|80,50
BA71019|82,50
BA71020|89,00
BA71021|91,30
BA71022|80,50
BA71023|78,00
BA71024|78,00
BA71025|91,30
BA71026|73,00
BA71027|69,84
BA71028|52,30
BA71029|90,50
BA71032|170,35
BA71033|160,10
BA71034|170,00
BA71035|159,00
BA71036|158,75
BA71037|79,55
BA71038|79,55
BA71039|74,75
BA71042|94,75
BA71043|94,75
BA71045|70,75
BA71046|83,50
BA71047|63,90
BA71048|60,75
BA71049|85,00
BA71050|85,00
BA71051|179,00
BA71052|93,00
BA71053|71,00
BA71054|69,00
BA71055|98,00
BA71056|48,10
BA71057|48,10
BA71058|45,00
BA71059|45,00
BA71060|45,00
BA71062|87,61
BA71063|95,81
BA71064|95,81
BA71065|52,50
BA71066|79,50
BA71067|93,88
BA71068|86,80
BA71069|46,56
BA71071|53,00
BA71072|46,65
BA71073|49,05
BA71074|53,64
BA71075|36,20
BA71076|30,00
BA71077|30,80
BA71078|43,00
BA71079|45,00
BA71080|44,40
BA71081|44,99
BA71082|99,31
BA71084|99,79
BA71085|91,65
BA71086|91,65
BA71087|99,39
BFC001|79,70
BFC002|116,44
BFC004|93,15
BFC007|103,50
BFC008|103,50
BFC010|181,13
BFC011|111,26
BFC015|124,20
BFC016|103,50
BFC017|139,73
BFC020|93,15
BFC025|113,85
BFC026|113,85
BFC027|119,03
BFC028|108,68
BFC029|170,78
BFC030|103,50
BFC035|113,85
BFC036|119,03
BFC037|119,03
BFC038|119,03
BFC039|129,38
BFC040|150,08
BFC041|155,25
BFC043|113,85
BFC050|289,80
BFC051|227,70
BFC053|227,70
BFC055|103,50
BFC060|151,75
BFC068|82,80
BFC069|174,92
BFC070|113,85
BFC071|147,49
BFC074|119,03
BFC075|113,85
BFC077|181,13
BFC080|155,25
BFC082|153,18
BFC083|147,49
BFC087|119,03
BFC088|128,33
BFC096|166,62
BFC104|216,00
BFC108|140,50
BGS10001|24,84
BGS10002|25,88
BGS10002|25,88
BGS10003|28,98
BGS10003|28,98
BGS10004|25,88
BGS10004|25,88
BGS10005|21,74
BGS10005|21,74
BGS10006|23,29
BGS10006|23,29
BGS10007|23,29
BGS10007|23,29
BGS10007|23,29
BGS10007|23,29
BGS10016|24,84
BGS10016|24,84
BGS10017|46,58
BGS10019|30,02
BGS10019|30,02
BGS10020|33,12
BGS10020|33,12
BGS10023|20,70
BGS10024|25,36
BGS10025|25,36
BGS10028|20,70
BGS10029|18,63
BGS10029|18,63
BGS10029|18,63
BGS10030|19,67
BGS10030|19,67
BGS10030|19,67
BGS10032|20,70
BGS10033|25,88
BGS10033|25,88
BGS10034|25,88
BGS10039|19,67
BGS10039|19,67
BGS10040|25,88
BGS10040|25,88
BGS10040|25,88
BGS10049|31,05
BGS10049|31,05
BGS10050|21,74
BGS10050|21,74
BGS10052|31,05
BGS10052|31,05
BGS10053|21,74
BGS10055|41,40
BGS10055|41,40
BGS10056|35,19
BGS10056|35,19
BGS10060|27,95
BGS10060|27,95
BGS10062|27,95
BGS10064|24,84
BGS10064|24,84
BGS10065|24,84
BGS10065|24,84
BGS10065|24,84
BGS10065|24,84
BGS10067|25,88
BGS10067|25,88
BGS10067|25,88
BGS10068|28,98
BGS10069|34,16
BGS10069|34,16
BGS10072|19,15
BGS10073|19,15
BGS10073|19,15
BGS10075|26,39
BGS10075|26,39
BGS10077|51,75
BGS10079|24,84
BGS10082|51,75
BGS10084|26,39
BGS10084|26,39
BGS10085|22,77
BGS10085|22,77
BGS10087|30,02
BGS10090|32,09
BGS10090|32,09
BGS10091|30,02
BGS10091|30,02
BGS10095|29,50
BGS10095|29,50
BGS10101|33,12
BGS10101|33,12
BGS10102|20,70
BGS10102|20,70
BGS10103|19,67
BGS10104|45,54
BGS10105|26,91
BGS10105|26,91
BGS10107|20,70
BGS10107|20,70
BGS10107|20,70
BGS10108|18,11
BGS10109|24,84
BGS10110|32,60
BGS10110|32,60
BGS10114|23,29
BGS10119|28,98
BGS10123|32,60
BGS10128|26,91
BGS10128|26,91
BGS10128|26,91
BGS10128|26,91
BGS10129|25,88
BGS10129|25,88
BGS10134|31,05
BGS10134|31,05
BGS10134|31,05
BGS10139|27,95
BGS10140|24,84
BGS10140|24,84
BGS10140|24,84
BGS10140|24,84
BGS10140|24,84
BGS10141|23,81
BGS10141|23,81
BGS10141|23,81
BGS10141|23,81
BGS10142|31,05
BGS10142|31,05
BGS10142|31,05
BGS10142|31,05
BGS10143|30,02
BGS10143|30,02
BGS10146|27,95
BGS10151|22,77
BGS10151|22,77
BGS10151|22,77
BGS10151|22,77
BGS10156|19,15
BGS10156|19,15
BGS10158|22,77
BGS10158|22,77
BGS10158|22,77
BGS10161|28,46
BGS10161|28,46
BGS10161|28,46
BGS10161|28,46
BGS10161|28,46
BGS10161|28,46
BGS10162|28,98
BGS10162|28,98
BGS10162|28,98
BGS10163|28,98
BGS10163|28,98
BGS10163|28,98
BGS10163|28,98
BGS10172|24,84
BGS10173|32,09
BGS10174|25,88
BGS10174|25,88
BGS10175|25,88
BGS10176|21,74
BGS10177|23,29
BGS10178|34,16
BGS10178|34,16
BGS10181|32,09
BGS10183|21,74
BGS10189|72,45
BGS10190|72,45
BGS10191|72,45
BGS10192|72,45
BGS10196|83,84
BGS10197|83,84
BGS10198|77,63
BGS10199|30,02
BGS10200|30,02
BGS10201|83,84
BGS10202|83,84
BGS10203|104,54
BGS10205|92,12
BGS10206|92,12
BGS10206|92,12
BGS10207|24,84
BGS10207|24,84
BGS10208|28,98
BGS10209|36,23
BGS10210|36,23
BGS10211|36,23
BGS10212|36,23
BGS10213|37,26
BGS10214|37,26
BGS10221|32,09
BGS10221|32,09
BGS10221|32,09
BGS10221|32,09
BGS10221|32,09
BGS10221|32,09
BGS10224|32,09
BGS10232|31,05
BGS10232|31,05
BGS10236|21,74
BGS10236|21,74
BGS10238|34,16
BGS10238|34,16
BGS10238|34,16
BGS10238|34,16
BGS10238|34,16
BGS10240|32,60
BGS10240|32,60
BGS10241|32,60
BGS10241|32,60
BGS10242|25,88
BGS10242|25,88
BGS10243|24,84
BGS10243|24,84
BGS10244|24,84
BGS10244|24,84
BGS10244|24,84
BGS10245|35,19
BGS10245|35,19
BGS10253|25,88
BGS10253|25,88
BGS10258|21,22
BGS10258|21,22
BGS10260|34,16
BGS10261|41,40
BGS10261|41,40
BGS10262|22,25
BGS10262|22,25
BGS10262|22,25
BGS10262|22,25
BGS10265|23,81
BGS10265|23,81
BGS10265|23,81
BGS10267|20,70
BGS10267|20,70
BGS10267|20,70
BGS10267|20,70
BGS10269|61,78
BGS10269|68,21
BGS10270|20,70
BGS10270|20,70
BGS10272|31,57
BGS10272|31,57
BGS10273|24,84
BGS10273|24,84
BGS10274|21,74
BGS10275|21,74
BGS10275|21,74
BGS10277|38,30
BGS10277|38,30
BGS10277|38,30
BGS10277|38,30
BGS10278|18,63
BGS10278|18,63
BGS10279|19,67
BGS10279|19,67
BGS10280|22,25
BGS10281|24,84
BGS10281|24,84
BGS10284|25,36
BGS10284|25,36
BGS10285|39,33
BGS10285|39,33
BGS10285|39,33
BGS10286|31,57
BGS10286|31,57
BGS10287|46,58
BGS10287|46,58
BGS10287|46,58
BGS10287|46,58
BGS10289|20,70
BGS10290|35,71
BGS10290|35,71
BGS10292|22,25
BGS10292|22,25
BGS10292|22,25
BGS10295|22,25
BGS10296|33,12
BGS10296|33,12
BGS10297|26,39
BGS10297|26,39
BGS10297|26,39
BGS10297|26,39
BGS10297|26,39
BGS10302|27,95
BGS10305|23,81
BGS10306|23,81
BGS10306|23,81
BGS10307|23,81
BGS10308|23,81
BGS10310|25,88
BGS10311|25,36
BGS10311|25,36
BGS10314|28,98
BGS10314|28,98
BGS10314|28,98
BGS10315|19,67
BGS10315|19,67
BGS10316|24,84
BGS10317|22,77
BGS10320|26,91
BGS10320|26,91
BGS10320|26,91
BGS10320|26,91
BGS10320|26,91
BGS10321|26,91
BGS10322|26,91
BGS10322|26,91
BGS10330|22,25
BGS10332|20,70
BGS10335|22,25
BGS10335|22,25
BGS10336|39,85
BGS10338|36,74
BGS10339|22,77
BGS10340|24,32
BGS10340|24,32
BGS10341|23,29
BGS10343|34,67
BGS10343|34,67
BGS10343|34,67
BGS10346|24,32
BGS10348|37,78
BGS10351|28,98
BGS10352|25,36
BGS10353|25,36
BGS10355|27,43
BGS10356|28,46
BGS10357|27,43
BGS10358|27,43
BGS10359|20,70
BGS10359|20,70
BGS10360|21,74
BGS10360|21,74
BGS10362|21,22
BGS10363|16,56
BGS10364|20,70
BGS10368|21,74
BGS10369|25,88
BGS10375|26,91
BGS10380|69,35
BGS10381|69,35
BGS10384|69,35
BGS10385|57,96
BGS10386|57,96
BGS10387|60,03
BGS10388|46,58
BGS10389|60,03
BGS10390|69,35
BGS10391|69,35
BGS10392|69,35
BGS10393|69,35
BGS10397|25,88
BGS10399|25,88
BGS10399|25,88
BGS10399|25,88
BGS10401|22,77
BGS10402|23,81
BGS10403|21,74
BGS10404|27,95
BGS10405|26,91
BGS10405|26,91
BGS10408|21,22
BGS10409|21,74
BGS10410|22,25
BGS10411|22,25
BGS10412|21,74
BGS10413|21,74
BGS10415|22,77
BGS10417|21,74
BGS10419|25,88
BGS10431|39,33
BGS10431|39,33
BGS10432|20,18
BGS10434|22,77
BGS10441|30,02
BGS10441|30,02
BGS10441|30,02
BGS10441|30,02
BGS10441|30,02
BGS10442|31,57
BGS10442|31,57
BGS10444|31,05
BGS10444|31,05
BGS10445|30,02
BGS10445|30,02
BGS10445|30,02
BGS10445|30,02
BGS10447|26,39
BGS10447|26,39
BGS10447|26,39
BGS10448|30,02
BGS10449|31,05
BGS10449|31,05
BGS10449|31,05
BGS10449|31,05
BGS10449|31,05
BGS10449|31,05
BGS10449|31,05
BGS10449|31,05
BGS10449|31,05
BGS10449|31,05
BGS10450|28,98
BGS10450|28,98
BGS10450|28,98
BGS10451|36,23
BGS10451|36,23
BGS10451|36,23
BGS10451|36,23
BGS10452|21,74
BGS10453|28,98
BGS10454|21,74
BGS10454|21,74
BGS10455|30,53
BGS10455|30,53
BGS10455|30,53
BGS10456|18,63
BGS10456|18,63
BGS10456|18,63
BGS10458|25,36
BGS10458|25,36
BGS10459|20,70
BGS10460|27,43
BGS10460|27,43
BGS10460|27,43
BGS10461|25,88
BGS10461|25,88
BGS10462|18,63
BGS10463|24,84
BGS10464|22,77
BGS10465|21,22
BGS10465|21,22
BGS10466|34,16
BGS10466|34,16
BGS10466|34,16
BGS10466|34,16
BGS10467|34,16
BGS10467|34,16
BGS10467|34,16
BGS10467|34,16
BGS10468|18,11
BGS10469|20,18
BGS10471|29,50
BGS10473|20,18
BGS10475|21,74
BGS10476|20,18
BGS10476|20,18
BGS10478|20,18
BGS10478|20,18
BGS10480|23,29
BGS10480|23,29
BGS10480|23,29
BGS10480|23,29
BGS10481|32,60
BGS10481|32,60
BGS10482|20,18
BGS10482|20,18
BGS10483|22,25
BGS10483|22,25
BGS10483|22,25
BGS10484|23,81
BGS10484|23,81
BGS10485|25,88
BGS10485|25,88
BGS10486|21,74
BGS10487|24,32
BGS10488|16,56
BGS10489|25,88
BGS10490|25,88
BGS10492|21,22
BGS10493|27,95
BGS10494|17,60
BGS10495|32,09
BGS10495|32,09
BGS10496|18,63
BGS10497|19,67
BGS10498|19,67
BGS10499|21,74
BGS10500|33,12
BGS10501|25,36
BGS10501|25,36
BGS10501|25,36
BGS10502|21,74
BGS10502|21,74
BGS10502|21,74
BGS10502|21,74
BGS10503|29,50
BGS10503|29,50
BGS10504|24,84
BGS10505|36,23
BGS10506|51,75
BGS10507|35,19
BGS10507|35,19
BGS10508|35,19
BGS10508|35,19
BGS10509|35,19
BGS10509|35,19
BGS10510|15,53
BGS10510|15,53
BGS10511|21,22
BGS10511|21,22
BGS10512|21,22
BGS10512|21,22
BGS10513|62,10
BGS10514|62,10
BGS10515|25,88
BGS10516|25,88
BGS10517|25,88
BGS10518|31,05
BGS10519|27,95
BGS10520|33,12
BGS10520|33,12
BGS10520|33,12
BGS10521|77,63
BGS10522|22,77
BGS10523|77,63
BGS10524|26,39
BGS10525|20,70
BGS10525|20,70
BGS10525|20,70
BGS10527|25,88
BGS10528|37,78
BGS10528|37,78
BGS10529|36,23
BGS10529|36,23
BGS10530|25,88
BGS10531|41,40
BGS10532|19,67
BGS10533|57,96
BGS10534|29,50
BGS10534|29,50
BGS10535|22,25
BGS10535|22,25
BGS10536|24,32
BGS10538|36,23
BGS10538|36,23
BGS10539|42,44
BGS10539|42,44
BGS10539|42,44
BGS10540|22,77
BGS10541|54,86
BGS10542|54,86
BGS10543|60,03
BGS10545|26,91
BGS10546|26,91
BGS10547|26,39
BGS10547|26,39
BGS10548|31,05
BGS10548|31,05
BGS10549|25,36
BGS10550|28,46
BGS10551|21,74
BGS10552|26,39
BGS10552|26,39
BGS10553|32,60
BGS10554|96,26
BGS10555|26,39
BGS10555|26,39
BGS10556|30,02
BGS10556|30,02
BGS10557|30,02
BGS10558|43,99
BGS10559|37,26
BGS10559|37,26
BGS10560|25,36
BGS10560|25,36
BGS10561|28,98
BGS10563|35,19
BGS10563|35,19
BGS10564|61,07
BGS10565|28,98
BGS10566|41,40
BGS10567|30,02
BGS10569|24,32
BGS10573|32,60
BGS10574|27,95
BGS10575|26,91
BGS10576|56,93
BGS10577|56,93
BGS10578|94,19
BGS10579|102,47
BGS10579|102,47
BGS10582|23,81
BGS10582|23,81
BGS10583|19,15
BGS10583|19,15
BGS10584|46,58
BGS10584|46,58
BGS10584|46,58
BGS10586|23,81
BGS10586|23,81
BGS10587|23,81
BGS10587|23,81
BGS10588|28,98
BGS10589|21,22
BGS10589|21,22
BGS10590|21,22
BGS10590|21,22
BGS10591|53,82
BGS10593|63,14
BGS10594|63,14
BGS10595|71,42
BGS10601|71,42
BGS10602|75,56
BGS10603|75,56
BGS10604|21,74
BGS10605|21,74
BGS10606|86,94
BGS10606|86,94
BGS10607|46,58
BGS10608|71,42
BGS10609|71,42
BGS10610|25,36
BGS10610|25,36
BGS10611|21,74
BGS10612|18,63
BGS10614|20,18
BGS10616|21,74
BGS10617|28,46
BGS10618|34,16
BGS10618|34,16
BGS10622|33,12
BGS10622|33,12
BGS10624|36,23
BGS10625|28,46
BGS10626|24,84
BGS10628|21,74
BGS10629|36,23
BGS10630|19,67
BGS10631|22,25
BGS10633|72,45
BGS10634|72,45
BGS10634|72,45
BGS10635|72,45
BGS10635|72,45
BGS10636|23,29
BGS10636|23,29
BGS10637|23,29
BGS10637|23,29
BGS10638|30,53
BGS10638|30,53
BGS10639|30,53
BGS10639|30,53
BGS10640|31,05
BGS10640|31,05
BGS10640|31,05
BGS10640|31,05
BGS10641|34,67
BGS10641|34,67
BGS10642|32,60
BGS10642|32,60
BGS10643|17,60
BGS10643|17,60
BGS10644|24,84
BGS10644|24,84
BGS10645|20,18
BGS10645|20,18
BGS10646|77,63
BGS10647|77,63
BGS10649|27,95
BGS10650|27,95
BGS10651|19,67
BGS10652|21,22
BGS10653|21,22
BGS10653|21,22
BGS10653|21,22
BGS10654|20,18
BGS10655|27,95
BGS10655|27,95
BGS10656|18,11
BGS10657|19,67
BGS10658|21,74
BGS10659|20,18
BGS10660|20,18
BGS10661|21,22
BGS10663|23,29
BGS10664|20,70
BGS10665|28,46
BGS10666|28,98
BGS10667|34,16
BGS10668|21,22
BGS10670|29,50
BGS10670|29,50
BGS10674|22,25
BGS10675|18,63
BGS10676|17,60
BGS10677|28,46
BGS10677|28,46
BGS10678|46,58
BGS10679|31,05
BGS10680|46,58
BGS10680|46,58
BGS10681|46,58
BGS10682|50,72
BGS10683|52,79
BGS10684|52,79
BGS10685|32,60
BGS10686|47,09
BGS10688|28,98
BGS10689|25,88
BGS10692|71,42
BGS10693|71,42
BGS10694|71,42
BGS10695|71,42
BGS10696|20,70
BGS10697|32,09
BGS10698|17,08
BGS10698|17,08
BGS10699|17,60
BGS10699|17,60
BGS10704|40,88
BGS10704|40,88
BGS10705|30,53
BGS10705|30,53
BGS10706|30,53
BGS10706|30,53
BGS10710|22,25
BGS10711|21,74
BGS10711|21,74
BGS10712|21,74
BGS10713|24,32
BGS10713|24,32
BGS10713|24,32
BGS10715|53,30
BGS10715|53,30
BGS10719|20,18
BGS10724|25,88
BGS10724|25,88
BGS10725|25,88
BGS10726|25,88
BGS10729|22,77
BGS10730|30,53
BGS10731|30,53
BGS10732|62,10
BGS10733|62,10
BGS10734|38,81
BGS10735|101,43
BGS10736|52,79
BGS10737|31,05
BGS10738|20,70
BGS10739|20,70
BGS10739|20,70
BGS10739|20,70
BGS10740|20,70
BGS10741|41,40
BGS10741|41,40
BGS10742|21,74
BGS10743|21,74
BGS10744|22,77
BGS10745|22,25
BGS10746|23,29
BGS10746|23,29
BGS10747|20,70
BGS10748|24,32
BGS10748|24,32
BGS10749|21,74
BGS10750|19,15
BGS10751|22,77
BGS10752|23,29
BGS10752|23,29
BGS10753|23,29
BGS10753|23,29
BGS10754|23,81
BGS10754|23,81
BGS10755|20,18
BGS10755|20,18
BGS10756|27,95
BGS10757|22,77
BGS10758|20,70
BGS10759|21,22
BGS10760|21,74
BGS10761|28,46
BGS10761|28,46
BGS10762|30,53
BGS10763|39,33
BGS10764|28,98
BGS10765|22,25
BGS10766|100,91
BGS10767|61,07
BGS10767|61,07
BGS10768|24,32
BGS10768|24,32
BGS10769|24,32
BGS10770|22,25
BGS10771|22,25
BGS10774|19,67
BGS10775|16,56
BGS10776|31,05
BGS10777|25,88
BGS10778|32,09
BGS10779|30,02
BGS10780|25,62
BGS10780|25,62
BGS10781|22,25
BGS10781|22,25
BGS10783|23,29
BGS10784|27,95
BGS10784|27,95
BGS10785|22,77
BGS10785|22,77
BGS10786|31,52
BGS10788|22,25
BGS10788|22,25
BGS10789|21,74
BGS10790|26,39
BGS10791|22,77
BGS10792|30,02
BGS10793|26,91
BGS10794|22,77
BGS10795|24,50
BGS10796|24,50
BGS10797|21,74
BGS10798|24,32
BGS10799|23,29
BGS10799|23,29
BGS10800|22,77
BGS10800|22,77
BGS10801|29,50
BGS10801|29,50
BGS10801|29,50
BGS10802|33,64
BGS10802|33,64
BGS10803|32,00
BGS10803|32,00
BGS10804|56,93
BGS10805|82,80
BGS10805|82,80
BGS10806|63,14
BGS10806|63,14
BGS10807|63,14
BGS10807|63,14
BGS10809|27,95
BGS10810|20,18
BGS10810|20,18
BGS10811|25,88
BGS10812|25,88
BGS10813|25,88
BGS10814|27,43
BGS10815|35,19
BGS10816|53,82
BGS10817|49,68
BGS10818|35,45
BGS10818|35,45
BGS10818|35,45
BGS10819|30,02
BGS10819|30,02
BGS10820|41,66
BGS10821|30,53
BGS10822|21,74
BGS10823|35,71
BGS10824|26,91
BGS10825|26,39
BGS10826|19,67
BGS10826|19,67
BGS10827|19,67
BGS10827|19,67
BGS10828|22,25
BGS10828|22,25
BGS10829|27,50
BGS10829|27,50
BGS10830|21,22
BGS10831|21,22
BGS10832|25,88
BGS10832|25,88
BGS10833|25,88
BGS10833|25,88
BGS10833|25,88
BGS10834|25,88
BGS10835|22,77
BGS10835|22,77
BGS10836|24,84
BGS10837|22,77
BGS10838|21,74
BGS10839|24,84
BGS10840|23,81
BGS10841|46,58
BGS10841|46,58
BGS10842|59,51
BGS10842|59,51
BGS10843|23,81
BGS10844|49,16
BGS10845|62,10
BGS10846|62,10
BGS10847|66,76
BGS10848|66,76
BGS10849|45,02
BGS10850|67,28
BGS10851|53,82
BGS10852|53,82
BGS10853|63,65
BGS10854|60,03
BGS10855|60,03
BGS10856|85,91
BGS10857|53,82
BGS10858|50,72
BGS10859|50,72
BGS10860|82,80
BGS10861|82,80
BGS10862|64,17
BGS10863|64,17
BGS10864|61,07
BGS10865|61,07
BGS10866|61,07
BGS10867|61,07
BGS10868|102,47
BGS10869|102,47
BGS10870|102,47
BGS10871|102,47
BGS10872|102,47
BGS10872|102,47
BGS10872|102,47
BGS10872|102,47
BGS10873|102,47
BGS10873|102,47
BGS10873|102,47
BGS10874|55,89
BGS10875|55,89
BGS10876|52,79
BGS10877|52,79
BGS10878|68,31
BGS10879|68,31
BGS10880|62,10
BGS10881|62,10
BGS10882|64,17
BGS10883|64,17
BGS10884|70,38
BGS10885|70,38
BGS10886|56,93
BGS10886|56,93
BGS10887|71,42
BGS10888|71,42
BGS10889|71,42
BGS10890|71,42
BGS10891|67,28
BGS10892|66,24
BGS10893|66,24
BGS10894|66,24
BGS10895|70,38
BGS10896|70,38
BGS10897|61,07
BGS10898|61,07
BGS10899|64,17
BGS10899|64,17
BGS10900|64,17
BGS10900|64,17
BGS10901|61,07
BGS10902|61,07
BGS10903|77,63
BGS10904|77,63
BGS10905|52,79
BGS10906|52,79
BGS10907|77,63
BGS10908|77,63
BGS10909|77,63
BGS10909|77,63
BGS10910|77,63
BGS10910|77,63
BGS10911|53,82
BGS10912|66,24
BGS10913|66,24
BGS10914|36,23
BGS10914|36,23
BGS10915|26,39
BGS10916|25,88
BGS10917|27,95
BGS10918|36,23
BGS10919|26,39
BGS10920|23,29
BGS10921|25,88
BGS10922|27,50
BGS10922|27,50
BGS10922|27,50
BGS10923|23,29
BGS10924|25,88
BGS10925|26,65
BGS10926|20,71
BGS10927|41,40
BGS10928|14,18
BGS10929|14,18
BGS10930|45,54
BGS10930|45,54
BGS10931|23,29
BGS10931|23,29
BGS10932|14,80
BGS10933|21,74
BGS10934|20,70
BGS10935|22,25
BGS10936|23,58
BGS10937|23,81
BGS10937|23,81
BGS10937|23,81
BGS10937|23,81
BGS10938|22,25
BGS10939|23,81
BGS10940|18,32
BGS10941|41,40
BGS10941|41,40
BGS10942|90,56
BGS10943|68,31
BGS10943|68,31
BGS10944|68,31
BGS10944|68,31
BGS10945|72,45
BGS10946|26,13
BGS10947|30,02
BGS10947|30,02
BGS10948|25,88
BGS10949|45,54
BGS10949|45,54
BGS10950|27,43
BGS10950|27,43
BGS10951|24,84
BGS10951|24,84
BGS10952|25,88
BGS10953|28,98
BGS10954|19,15
BGS10955|21,22
BGS10956|30,02
BGS10957|34,98
BGS10958|20,70
BGS10959|19,67
BGS10960|30,02
BGS10960|16,04
BGS10961|24,32
BGS10961|24,32
BGS10962|21,74
BGS10962|21,74
BGS10963|63,14
BGS10963|63,14
BGS10964|46,58
BGS10965|28,46
BGS10966|113,85
BGS10967|28,46
BGS10967|28,46
BGS10967|28,46
BGS10968|23,29
BGS10968|23,29
BGS10969|22,25
BGS10969|22,25
BGS10970|24,84
BGS10970|24,84
BGS10971|30,53
BGS10972|31,05
BGS10973|23,29
BGS10974|22,77
BGS10974|22,77
BGS10975|49,16
BGS10975|49,16
BGS10975|49,16
BGS10975|49,16
BGS10976|25,88
BGS10976|25,88
BGS10977|21,22
BGS10977|21,22
BGS10978|29,31
BGS10978|29,31
BGS10979|19,15
BGS10979|19,15
BGS10980|24,32
BGS10981|28,46
BGS10981|28,46
BGS10982|56,93
BGS10982|56,93
BGS10983|24,32
BGS10984|24,32
BGS10984|24,32
BGS10985|22,77
BGS10985|22,77
BGS10986|21,74
BGS10987|24,32
BGS10987|24,32
BGS10988|25,36
BGS10988|25,36
BGS10988|25,36
BGS10989|26,81
BGS10989|26,81
BGS10990|30,02
BGS10991|25,36
BGS10992|31,05
BGS10993|31,05
BGS10994|31,05
BGS10995|25,36
BGS10996|23,29
BGS10997|31,05
BGS10998|21,22
BGS10999|29,50
BGS11000|18,65
BGS11001|38,00
BGS11001|38,00
BGS11002|37,75
BGS11002|37,75
BGS11003|29,50
BGS11003|29,50
BGS11004|29,50
BGS11004|29,50
BGS11005|19,50
BGS11006|22,95
BGS11007|22,95
BGS11008|22,95
BGS11009|22,95
BGS11010|22,95
BGS11011|84,68
BGS11012|24,50
BGS11012|24,50
BGS11013|27,70
BGS11014|19,00
BGS11015|42,80
BGS11016|22,95
BGS11017|22,95
BGS11018|32,65
BGS11019|27,55
BGS11020|26,75
BGS11021|32,09
BGS11022|32,65
BGS11023|29,00
BGS11025|23,50
BGS11026|32,50
BGS11027|38,90
BGS11028|15,45
BGS11029|15,45
BGS11029|15,45
BGS11030|20,25
BGS11031|24,00
BGS11032|19,00
BGS11033|19,00
BGS11034|19,00
BGS11034|19,00
BGS11035|79,50
BGS11035|79,50
BGS11036|37,75
BGS11036|37,75
BGS11037|33,75
BGS11037|33,75
BGS11037|33,75
BGS11037|33,75
BGS11037|33,75
BGS11037|33,75
BGS11038|24,00
BGS11039|22,65
BGS11040|34,10
BGS11041|25,75
BGS11042|25,75
BGS11043|88,00
BGS11044|31,50
BGS11044|31,50
BGS11044|31,50
BGS11044|31,50
BGS11045|31,50
BGS11045|31,50
BGS11045|31,50
BGS11045|31,50
BGS11046|19,00
BGS11047|19,00
BGS11048|25,75
BGS11049|19,00
BGS11050|25,00
BGS11051|32,75
BGS11052|32,75
BGS11052|32,75
BGS11053|32,75
BGS11053|32,75
BGS11054|32,75
BGS11055|29,75
BGS11056|29,75
BGS11057|29,75
BGS11058|29,75
BGS11059|24,50
BGS11060|19,00
BGS11061|15,90
BGS11062|22,50
BGS11063|37,85
BGS11064|37,85
BGS11065|32,00
BGS11066|27,00
BGS11067|33,00
BGS11068|17,40
BGS11069|62,50
BGS11069|62,50
BGS11070|20,00
BGS11071|25,50
BGS11072|22,50
BGS11073|22,50
BGS11074|32,00
BGS11075|23,75
BGS11076|21,50
BGS11077|29,75
BGS11078|31,50
BGS11079|13,85
BGS11079|13,85
BGS11079|13,85
BGS11080|65,00
BGS11080|65,00
BGS11080|65,00
BGS11081|17,60
BGS11081|17,60
BGS11081|17,60
BGS11082|33,75
BGS11083|24,95
BGS11084|67,50
BGS11084|67,50
BGS11085|67,50
BGS11085|67,50
BGS11086|67,50
BGS11086|67,50
BGS11087|49,00
BGS11087|49,00
BGS11088|23,95
BGS11089|21,50
BGS11090|23,50
BGS11090|23,50
BGS11091|14,50
BGS11091|14,50
BGS11092|16,50
BGS11092|16,50
BGS11093|14,50
BGS11093|14,50
BGS11094|16,30
BGS11094|16,30
BGS11095|13,70
BGS11095|13,70
BGS11096|15,70
BGS11096|15,70
BGS11097|29,95
BGS11098|20,75
BGS11099|33,00
BGS11099|33,00
BGS11100|33,00
BGS11101|21,25
BGS11102|23,75
BGS11103|27,75
BGS11104|22,95
BGS11105|22,95
BGS11106|22,95
BGS11107|22,95
BGS11108|25,75
BGS11109|19,00
BGS11111|29,50
BGS11112|31,75
BGS11112|31,75
BGS11113|25,75
BGS11113|25,75
BGS11114|19,00
BGS11114|19,00
BGS11115|22,75
BGS11116|64,50
BGS11116|64,50
BGS11117|24,15
BGS11117|24,15
BGS11117|24,15
BGS11118|112,50
BGS11118|112,50
BGS11119|112,50
BGS11119|112,50
BGS11120|56,95
BGS11120|56,95
BGS11121|55,60
BGS11121|55,60
BGS11122|26,50
BGS11123|26,50
BGS11123|26,50
BGS11124|55,78
BGS11124|55,78
BGS11125|54,10
BGS11126|20,50
BGS11126|20,50
BGS11126|20,50
BGS11126|20,50
BGS11127|23,50
BGS11128|24,00
BGS11129|35,42
BGS11130|35,99
BGS11131|26,50
BGS11132|25,00
BGS11133|40,00
BGS11134|40,00
BGS11135|19,00
BGS11135|19,00
BGS11136|19,00
BGS11136|19,00
BGS11137|19,00
BGS11137|19,00
BGS11138|19,00
BGS11138|19,00
BGS11139|19,00
BGS11139|19,00
BGS11140|19,00
BGS11140|19,00
BGS11141|20,00
BGS11141|20,00
BGS11142|33,00
BGS11143|57,50
BGS11143|57,50
BGS11143|57,50
BGS11143|57,50
BGS11144|41,48
BGS11145|18,43
BGS11146|25,00
BGS11147|36,00
BGS11147|36,00
BGS11148|16,50
BGS11148|16,50
BGS11148|16,50
BGS11148|16,50
BGS11149|51,14
BGS11149|51,14
BGS11150|23,00
BGS11151|15,60
BGS11152|23,00
BGS11153|30,00
BGS11154|85,00
BGS11155|47,50
BGS11155|47,50
BGS11156|43,00
BGS11156|43,00
BGS11157|54,74
BGS11158|54,74
BGS11158|54,74
BGS11159|41,60
BGS11159|41,60
BGS11160|36,80
BGS11160|36,80
BGS11161|51,65
BGS11162|22,00
BGS11163|27,50
BGS11163|27,50
BGS11164|47,50
BGS11164|47,50
BGS11165|20,00
BGS11165|20,00
BGS11166|25,00
BGS11166|25,00
BGS11167|59,10
BGS11167|59,10
BGS11168|55,00
BGS11169|42,00
BGS11170|41,50
BGS11171|65,00
BGS11171|65,00
BGS11172|41,50
BGS11173|47,50
BGS11173|47,50
BGS11174|24,00
BGS11174|24,00
BGS11174|24,00
BGS11174|24,00
BGS11175|38,50
BGS11175|38,50
BGS11175|38,50
BGS11175|38,50
BGS11176|27,50
BGS11176|27,50
BGS11177|29,80
BGS11177|29,80
BGS11178|46,53
BGS11178|46,53
BGS11179|20,00
BGS11179|20,00
BGS11179|20,00
BGS11180|70,32
BGS11181|42,50
BGS11181|42,50
BGS11182|37,50
BGS11183|27,50
BGS11184|42,00
BGS11185|27,00
BGS11186|27,00
BGS11187|20,56
BGS11189|14,87
BGS11189|14,87
BGS11190|19,00
BGS11190|19,00
BGS11191|27,50
BGS11192|27,50
BGS11193|30,59
BGS11194|19,50
BGS11195|125,00
BGS11196|39,50
BGS11197|19,00
BGS11197|19,00
BGS11198|19,00
BGS11198|19,00
BGS11199|19,50
BGS11199|19,50
BGS11200|16,50
BGS11201|34,65
BGS11202|30,00
BGS11202|30,00
BGS11203|57,50
BGS11203|57,50
BGS11203|57,50
BGS11204|37,50
BGS11205|36,59
BGS11206|29,81
BGS11207|18,00
BGS11208|27,00
BGS11209|20,00
BGS11210|21,50
BGS11211|28,74
BGS11212|17,80
BGS11213|20,00
BGS11214|20,00
BGS11215|14,75
BGS11216|24,50
BGS11217|41,76
BGS11218|29,50
BGS11219|29,50
BGS11220|37,50
BGS11221|35,00
BGS11222|78,00
BGS11223|60,00
BGS11224|37,50
BGS11225|69,79
BGS11226|37,50
BGS11227|53,50
BGS11228|25,50
BGS11229|33,82
BGS11230|19,00
BGS11231|29,50
BGS11232|29,50
BGS11233|21,50
BGS11234|24,51
BGS11235|19,00
BGS11236|21,50
BGS11237|35,00
BGS11238|75,00
BGS11239|72,50
BGS11239|72,50
BGS11240|54,00
BGS11240|54,00
BGS11241|39,50
BGS11243|57,55
BGS11243|57,55
BGS11244|36,55
BGS11244|36,55
BGS11245|75,59
BGS11245|75,59
BGS11246|27,50
BGS11247|25,50
BGT00001|283,19
BGT00003|334,45
BGT00004|371,43
BGT00005|298,32
BGT00006|321,85
BGT00007|327,30
BGT00008|417,90
BGT00009|235,00
BGT00010|207,50
BGT00011|292,00
BSP20001|97,34
BSP20002|97,34
BSP20003|124,43
BSP20004|124,43
BSP20005|80,43
BSP20006|80,43
BSP20007|67,57
BSP20008|67,57
BSP20009|85,10
BSP20010|85,10
BSP20011|187,43
BSP20012|187,43
BSP20013|188,48
BSP20014|188,48
BSP20015|122,85
BSP20016|79,70
BSP20017|86,20
BSP20018|164,70
BSP20019|166,95
BSP20020|161,70
BSP20021|137,03
BSP20022|128,10
BSP20023|132,30
BSP20024|137,03
BSP20025|121,28
BSP20026|106,05
BSP20027|223,13
BSP20028|223,13
BSP20030|571,34
BSP20031|36,44
BSP20032|110,25
BSP20033|130,15
BSP20034|85,47
BSP20035|86,31
BSP20036|132,82
BSP20037|70,77
BSP20038|101,85
BSP20039|139,50
BSP20040|96,92
BSP20041|120,13
BSP20042|138,65
BSP20043|35,65
BSP20044|35,65
BSP20045|16,64
BSP20046|245,18
BSP20047|195,82
BSP20048|261,45
BSP20049|9,18
BSP20050|288,75
BSP20051|190,57
BSP20052|520,80
BSP20053|540,75
BSP20054|468,30
BSP20055|473,55
BSP20056|473,55
BSP20057|520,80
BSP20058|429,45
BSP20059|840,00
BSP20061|429,45
BSP20062|840,00
BSP20064|110,77
BSP20065|118,13
BSP20066|69,09
BSP20067|110,92
BSP20068|126,52
BSP20069|126,52
BSP20070|236,25
BSP20071|91,24
BSP20072|22,10
BSP20073|22,10
BSP20074|16,64
BSP20075|33,50
BSP20077|58,91
BSP20079|66,78
BSP20080|88,20
BSP20081|58,91
BSP20082|6,82
BSP20083|6,82
BSP20084|22,78
BSP20085|21,00
BSP20086|37,43
BSP20087|57,86
BSP20088|234,46
BSP20089|234,46
BSP20090|41,37
BSP20091|12,87
BSP20092|12,13
BSP20093|10,34
BSP20094|12,13
BSP20095|11,39
BSP20096|17,85
BSP20097|17,22
BSP20098|50,55
BSP20099|13,23
BSP20100|17,96
BSP20101|25,30
BSP20102|106,73
BSP20103|106,73
BSP20104|106,73
BSP20105|104,84
BSP20106|97,13
BSP20107|6,03
BSP20108|6,03
BSP20109|3,46
BSP20110|3,46
BSP20111|21,73
BSP20112|21,73
BSP20113|24,15
BSP20116|9,92
BSP20117|9,92
BSP20118|9,92
BSP20119|7,35
BSP20120|97,13
BSP20121|100,07
BSP20122|100,07
BSP20123|163,80
BSP20124|164,85
BSP20125|219,45
BSP20126|219,45
BSP20127|223,39
BSP20128|129,12
BSP20129|223,39
BSP20130|129,12
BSP20131|14,18
BSP20132|24,10
BSP20133|61,32
BSP20134|65,08
BSP20135|107,10
BSP20136|162,12
BSP20137|107,10
BSP20138|165,06
BSP20141|21,42
BSP20142|25,93
BSP20143|18,90
BSP20144|21,42
BSP20145|20,74
BSP20146|5,35
BSP20147|13,60
BSP20148|15,91
BSP20149|25,93
BSP20150|7,66
BSP20151|29,61
BSP20152|30,97
BSP20153|11,87
BSP20155|35,70
BSP20156|7,08
BSP20157|80,33
BSP20158|80,33
BSP20159|737,10
BSP20161|18,90
BSP20162|28,82
BSP20163|25,93
BSP20164|25,93
BSP20165|208,43
BSP20166|165,90
BSP20167|169,18
BSP20168|182,18
BSP20169|347,49
BSP20170|273,00
BSP20171|40,55
BSP20172|40,55
BSP20173|24,67
BSP20174|64,78
BSP20175|64,78
BSP20176|691,95
BSP20177|92,40
BSP20178|81,69
BSP20179|4,30
BSP20180|81,68
BSP20181|150,94
BSP20182|150,94
BSP20183|150,94
BSP20184|134,76
BSP20185|90,82
BSP20186|115,50
BSP20187|27,30
BSP20188|56,18
BSP20189|183,39
BSP20190|183,39
BSP20191|79,80
BSP20192|79,80
BSP20193|105,82
BSP20194|105,82
BSP20195|66,25
BSP20196|66,25
BSP20197|42,21
BSP20198|49,50
BSP20199|714,00
BSP20200|664,65
BSP20201|49,82
BSP20202|39,59
BSP20203|34,65
BSP20204|57,33
BSP20205|40,69
BSP20206|34,13
BSP20207|212,42
BSP20208|47,20
BSP20209|37,80
BSP20210|61,22
BSP20211|67,83
BSP20212|12,87
BSP20213|18,69
BSP20214|12,66
BSP20215|13,65
BSP20216|11,71
BSP20217|18,80
BSP20218|4,09
BSP20219|4,78
BSP20220|4,78
BSP20221|33,03
BSP20222|33,03
BSP20223|33,03
BSP20224|15,07
BSP20225|45,67
BSP20227|24,67
BSP20228|11,45
BSP20229|19,43
BSP20230|17,85
BSP20231|16,96
BSP20232|35,13
BSP20233|8,61
BSP20234|12,18
BSP20235|9,66
BSP20236|195,82
BSP20237|47,67
BSP20238|47,67
BSP20239|98,91
BSP20240|73,29
BSP20241|74,76
BSP20242|92,08
BSP20243|64,15
BSP20244|45,67
BSP20245|44,57
BSP20246|56,70
BSP20247|3,20
BSP20248|3,20
BSP20249|3,20
BSP20250|5,82
BSP20251|3,20
BSP20253|5,82
BSP20254|5,82
BSP20255|5,82
BSP20256|5,82
BSP20257|2,05
BSP20258|3,20
BSP20259|104,06
BSP20260|86,83
BSP20261|200,55
BSP20262|172,72
BSP20263|172,72
BSP20264|95,34
BSP20265|95,34
BSP20266|95,34
BSP20267|95,34
BSP20268|651,00
BSP20269|50,76
BSP20270|245,18
BSP20272|22,47
BSP20273|22,47
BSP20274|16,22
BSP20275|34,60
BSP20276|13,02
BSP20277|6,82
BSP20278|6,82
BSP20279|12,55
BSP20280|16,49
BSP20281|10,39
BSP20282|23,73
BSP20283|18,53
BSP20284|6,03
BSP20285|6,03
BSP20286|29,50
BSP20287|91,66
BSP20288|111,03
BSP20289|31,97
BSP20290|33,13
BSP20291|62,27
BSP20292|62,27
BSP20293|135,97
BSP20295|129,15
BSP20296|129,15
BSP20297|150,15
BSP20298|168,52
BSP20299|185,85
BSP20301|124,95
BSP20302|25,51
BSP20303|25,51
BSP20306|25,51
BSP20308|128,10
BSP20309|223,13
BSP20310|223,13
BSP20311|29,34
BSP20312|269,85
BSP20313|243,04
BSP20314|376,95
BSP20315|333,90
BSP20316|384,30
BSP20317|521,64
BSP20318|320,94
BSP20319|355,95
BSP20320|73,18
BSP20321|108,67
BSP20322|99,12
BSP20323|6,66
BSP20324|59,33
BSP20325|102,80
BSP20326|102,80
BSP20327|10,03
BSP20328|29,92
BSP20329|5,67
BSP20330|10,45
BSP20331|88,57
BSP20332|89,04
BSP20333|20,53
BSP20334|10,50
BSP20335|27,51
BSP20336|15,02
BSP20337|10,50
BSP20338|5,35
BSP20339|1,99
BSP20340|5,20
BSP20341|73,18
BSP20342|26,56
BSP20343|46,48
BSP20344|88,57
BSP20346|247,80
BSP20347|247,80
BSP20348|89,04
BSP20349|35,02
BSP20350|45,15
BSP20351|38,12
BSP20352|91,66
BSP20353|45,00
BSP20354|41,61
BSP20355|106,05
BSP20356|32,08
BSP20357|32,08
BSP20358|60,27
BSP20359|35,28
BSP20360|35,28
BSP20361|26,56
BSP20362|17,17
BSP20363|17,17
BSP20364|37,43
BSP20365|37,43
BSP20366|19,01
BSP20367|52,61
BSP20368|67,57
BSP20369|33,03
BSP20370|37,49
BSP20371|41,42
BSP20372|37,49
BSP20373|41,42
BSP20374|290,85
BSP20375|227,85
BSP20376|227,85
BSP20377|196,92
BSP20379|124,90
BSP20380|63,10
BSP20381|81,67
BSP20383|16,96
BSP20384|73,08
BSP20385|36,33
BSP20386|36,33
BSP20387|20,27
BSP20388|44,73
BSP20389|10,24
BSP20390|10,24
BSP20391|6,45
BSP20392|8,34
BSP20393|2,89
BSP20394|8,34
BSP20395|7,56
BSP20396|3,73
BSP20397|12,87
BSP20398|14,44
BSP20399|7,77
BSP20400|7,77
BSP20401|18,22
BSP20402|18,22
BSP20403|18,22
BSP20405|33,97
BSP20406|7,71
BSP20407|35,28
BSP20408|18,27
BSP20409|104,16
BSP20410|104,16
BSP20411|20,32
BSP20412|20,32
BSP20413|6,40
BSP20414|46,93
BSP20415|7,19
BSP20416|18,64
BSP20417|89,20
BSP20418|89,20
BSP20419|24,31
BSP20420|24,99
BSP20421|403,20
BSP20422|11,29
BSP20423|2805,00
BSP20424|6,03
BSP20425|114,45
BSP20427|289,80
BSP20428|44,73
BSP20429|1170,75
BSP20430|435,75
BSP20431|36,33
BSP20432|35,60
BSP20433|696,15
BSP20434|114,45
BSP20435|83,88
BSP20436|132,82
BSP20437|7,87
BSP20438|101,33
BSP20439|8,29
BSP20440|108,99
BSP20441|15,91
BSP20442|1580,25
BSP20443|40,32
BSP20444|58,38
BSP20445|2,73
BSP20446|3,83
BSP20447|3,83
BSP20448|88,51
BSP20449|57,12
BSP20450|227,85
BSP20451|144,38
BSP20452|6,03
BSP20453|6,03
BSP20454|6,03
BSP20455|7,40
BSP20456|19,32
BSP20457|37,43
BSP20458|83,16
BSP20459|23,36
BSP20460|168,52
BSP20461|15,96
BSP20462|20,53
BSP20463|25,09
BSP20464|149,10
BSP20465|149,10
BSP20466|14,81
BSP20467|23,99
BSP20468|10,24
BSP20469|212,10
BSP20470|51,71
BSP20471|36,07
BSP20472|36,07
BSP20473|92,08
BSP20474|92,08
BSP20475|117,08
BSP20476|143,22
BSP20477|24,67
BSP20478|24,67
BSP20479|24,67
BSP20480|59,33
BSP20481|59,33
BSP20482|208,43
BSP20483|208,43
BSP20484|14,39
BSP20485|54,39
BSP20486|40,37
BSP20487|10,29
BSP20488|10,39
BSP20489|195,40
BSP20490|127,05
BSP20491|121,80
BSP20492|119,70
BSP20493|119,70
BSP20494|36,07
BSP20495|36,07
BSP20496|38,44
BSP20497|821,97
BSP20499|61,22
BSP20500|66,57
BSP20502|253,57
BSP20503|86,83
BSP20504|86,83
BSP20505|30,45
BSP20506|117,08
BSP20507|41,48
BSP20508|41,48
BSP20509|10,97
BSP20510|13,39
BSP20511|13,34
BSP20512|16,07
BSP20513|10,61
BSP20514|31,30
BSP20515|21,95
BSP20516|21,95
BSP20517|21,95
BSP20518|104,06
BSP20519|104,06
BSP20520|109,00
BSP20521|109,00
BSP20522|41,42
BSP20523|41,42
BSP20524|18,48
BSP20525|235,62
BSP20526|235,62
BSP20527|91,66
BSP20528|91,66
BSP20529|134,40
BSP20532|25,62
BSP20533|12,34
BSP20534|9,97
BSP20535|173,25
BSP20537|173,25
BSP20538|286,65
BSP20539|246,75
BSP20540|243,86
BSP20541|57,23
BSP20542|208,27
BSP20543|393,75
BSP20544|25,41
BSP20545|116,03
BSP20546|354,90
BSP20547|13,86
BSP20548|10,13
BSP20549|21,68
BSP20550|44,36
BSP20551|214,68
BSP20552|235,69
BSP20553|63,31
BSP20555|26,04
BSP20556|222,85
BSP20559|173,25
BSP20560|189,00
BSP20562|4,78
BSP20563|4,78
BSP20564|58,59
BSP20565|58,59
BSP20566|235,72
BSP20567|11,39
BSP20568|11,39
BSP20570|113,60
BSP20571|16,91
BSP20572|15,23
BSP20573|307,65
BSP20574|53,29
BSP20575|6,82
BSP20576|173,98
BSP20577|157,82
BSP20579|45,04
BSP20580|40,74
BSP20581|41,48
BSP20584|57,65
BSP20585|57,65
BSP20586|20,79
BSP20587|20,79
BSP20588|44,90
BSP20589|426,30
BSP20590|49,29
BSP20591|15,12
BSP20592|15,12
BSP20593|31,08
BSP20594|31,08
BSP20595|19,16
BSP20596|19,16
BSP20597|26,61
BSP20598|12,02
BSP20602|20,53
BSP20603|25,04
BSP20605|18,32
BSP20606|50,55
BSP20607|50,55
BSP20608|137,70
BSP20609|147,52
BSP20610|178,50
BSP20611|5,20
BSP20612|5,20
BSP20613|235,69
BSP20614|51,34
BSP20615|4,30
BSP20616|4,30
BSP20617|231,02
BSP20618|116,03
BSP20619|242,55
BSP20620|18,27
BSP20621|18,27
BSP20622|40,64
BSP20623|40,64
BSP20626|12,45
BSP20631|9,97
BSP20632|181,29
BSP20633|181,29
BSP20634|15,54
BSP20635|1,94
BSP20636|1,94
BSP20639|41,16
BSP20640|41,16
BSP20641|126,00
BSP20642|126,00
BSP20643|426,30
BSP20644|116,03
BSP20645|328,65
BSP20646|50,34
BSP20647|14,86
BSP20648|21,58
BSP20649|23,05
BSP20650|16,54
BSP20651|37,07
BSP20652|23,20
BSP20654|26,72
BSP20655|32,45
BSP20656|21,10
BSP20657|22,73
BSP20658|25,67
BSP20659|23,41
BSP20660|22,42
BSP20661|24,04
BSP20662|23,83
BSP20663|21,31
BSP20664|20,37
BSP20665|19,11
BSP20666|15,07
BSP20667|22,73
BSP20668|15,44
BSP20669|17,06
BSP20670|17,06
BSP20671|189,52
BSP20672|189,52
BSP20673|188,48
BSP20674|188,48
BSP20675|188,48
BSP20676|188,48
BSP20677|125,48
BSP20678|126,21
BSP20679|47,67
BSP20680|47,67
BSP20682|61,85
BSP20683|495,00
BSP20684|183,23
BSP20685|183,23
BSP20686|40,32
BSP20687|35,28
BSP20688|12,55
BSP20689|215,97
BSP20690|166,95
BSP20691|57,96
BSP20692|57,75
BSP20693|12,34
BSP20694|401,10
BSP20695|137,55
BSP20696|15,44
BSP20697|501,90
BSP20698|126,00
BSP20699|451,50
BSP20700|46,99
BSP20701|43,99
BSP20702|401,10
BSP20703|54,81
BSP20704|51,61
BSP20705|220,50
BSP20706|13,97
BSP20707|13,97
BSP20708|57,96
BSP20709|57,96
BSP20710|47,72
BSP20711|84,31
BSP20712|24,10
BSP20713|619,50
BSP20714|711,24
BSP20715|47,72
BSP20716|47,72
BSP20717|129,67
BSP20718|285,60
BSP20719|145,43
BSP20720|1107,75
BSP20721|99,12
BSP20722|12,60
BSP20723|129,67
BSP20724|34,55
BSP20725|18,90
BSP20726|29,13
BSP20727|73,08
BSP20728|40,01
BSP20729|101,33
BSP20730|18,90
BSP20731|42,16
BSP20732|99,12
BSP20733|7,08
BSP20734|57,96
BSP20735|10,61
BSP20736|10,61
BSP20737|6,82
BSP20738|126,00
BSP20739|81,69
BSP20740|174,82
BSP20741|12,60
BSP20742|9,18
BSP20743|51,61
BSP20744|51,61
BSP20745|67,72
BSP20746|266,70
BSP20747|101,43
BSP20748|101,43
BSP20749|101,43
BSP20750|101,43
BSP20751|24,36
BSP20752|188,00
BSP20753|188,00
BSP20754|30,65
BSP20755|19,69
BSP20756|53,24
BSP20757|78,66
BSP20758|72,87
BSP20759|311,85
BSP20760|263,55
BSP20761|123,38
BSP20762|123,38
BSP20763|123,38
BSP20764|12,76
BSP20765|47,35
BSP20766|179,03
BSP20767|8,82
BSP20768|55,13
BSP20769|12,18
BSP20770|520,80
BSP20771|333,90
BSP20772|333,90
BSP20773|78,66
BSP20774|82,64
BSP20775|82,64
BSP20776|86,83
BSP20777|23,94
BSP20778|37,70
BSP20779|166,95
BSP20780|927,15
BSP20782|162,23
BSP20783|162,23
BSP20784|162,23
BSP20785|62,27
BSP20786|62,27
BSP20787|13,50
BSP20788|28,40
BSP20789|46,04
BSP20790|46,04
BSP20791|367,50
BSP20792|355,95
BSP20793|59,43
BSP20794|65,73
BSP20796|31,58
BSP20797|77,70
BSP20798|77,70
BSP20799|198,27
BSP20800|127,57
BSP20801|29,87
BSP20802|16,07
BSP20803|24,36
BSP20804|3,20
BSP20805|243,60
BSP20806|195,30
BSP20807|22,99
BSP20808|182,76
BSP20809|69,72
BSP20810|34,13
BSP20811|295,60
BSP20812|162,23
BSP20813|261,45
BSP20814|60,59
BSP20815|75,87
BSP20816|240,77
BSP20817|20,48
BSP20818|20,48
BSP20819|30,08
BSP20821|265,65
BSP20822|90,51
BSP20823|64,68
BSP20824|329,70
BSP20825|114,45
BSP20826|114,45
BSP20827|350,70
BSP20828|350,70
BSP20829|405,30
BSP20830|350,70
BSP20831|251,48
BSP20832|53,24
BSP20833|342,30
BSP20834|66,25
BSP20835|50,55
BSP20838|23,10
BSP20839|45,70
BSP20840|326,55
BSP20841|18,43
BSP20842|22,47
BSP20843|54,39
BSP20844|20,16
BSP20845|23,78
BSP20846|10,29
BSP20848|23,94
BSP20849|16,59
BSP20850|11,13
BSP20851|11,13
BSP20852|25,78
BSP20853|26,82
BSP20854|19,79
BSP20855|31,34
BSP20856|20,90
BSP20857|13,18
BSP20858|40,74
BSP20861|106,57
BSP20862|86,20
BSP20863|50,03
BSP20864|100,49
BSP20869|70,77
BSP20870|70,14
BSP20871|93,45
BSP20872|53,03
BSP20873|7,56
BSP20874|7,56
BSP20875|46,30
BSP20876|47,35
BSP20879|57,23
BSP20880|70,35
BSP20881|58,10
BSP20882|113,40
BSP20883|35,59
BSP20884|35,59
BSP20885|37,38
BSP20886|24,31
BSP20887|30,24
BSP20888|36,02
BSP20889|112,87
BSP20890|127,84
BSP20891|9,55
BSP20892|24,25
BSP20893|60,95
BSP20897|243,86
BSP20898|47,77
BSP20899|284,69
BSP20900|12,45
BSP20901|12,45
BSP20904|13,23
BSP20905|690,90
BSP20906|19,16
BSP20907|19,16
BSP20910|653,10
BSP20912|18,90
BSP20913|18,90
BSP20914|24,04
BSP20915|16,22
BSP20916|20,27
BSP20917|104,06
BSP20918|13,92
BSP20919|13,92
BSP20920|311,53
BSP20925|45,04
BSP20927|186,69
BSP20928|212,41
BSP20929|212,41
BSP20931|28,24
BSP20932|249,69
BSP20933|126,01
BSP20938|28,08
BSP20939|278,25
BSP20941|57,00
BSP20942|57,00
BSP20943|37,38
BSP20944|24,67
BSP20947|101,75
BSP20949|26,09
BSP20950|90,82
BSP20951|20,06
BSP20952|20,06
BSP20954|54,92
BSP20955|224,02
BSP20956|231,02
BSP20957|9,97
BSP20960|40,74
BSP20961|40,74
BSP20964|33,03
BSP20965|31,34
BSP20966|31,34
BSP20967|20,69
BSP20968|16,59
BSP20969|16,59
BSP20972|77,23
BSP20973|66,46
BSP20974|38,33
BSP20975|36,23
BSP20977|25,15
BSP20984|212,93
BSP20985|390,60
BSP20986|20,30
BSP20987|20,30
BSP20988|18,27
BSP20989|18,27
BSP20992|51,34
BSP20996|14,02
BSP20997|20,63
BSP20998|171,36
BSP20999|18,90
BSP21000|18,90
BSP21001|8,03
BSP21008|106,05
BSP21009|22,57
BSP21010|19,22
BSP21015|25,09
BSP21018|23,83
BSP21019|24,04
BSP21020|27,93
BSP21024|91,87
BSP21026|66,25
BSP21027|66,25
BSP21028|87,88
BSP21044|6,92
BSP21045|6,92
BSP21047|9,50
BSP21056|14,23
BSP21057|24,00
BSP21058|24,00
BSP21059|2,99
BSP21062|12,66
BSP21068|4,88
BSP21077|5,09
BSP21085|3,67
BSP21087|9,55
BSP21088|8,55
BSP21091|2,68
BSP21094|6,87
BSP21101|12,95
BSP21103|8,81
BSP21105|18,64
BSP21106|13,20
BSP21108|13,20
BSP21110|10,82
BSP21111|5,67
BSP21114|10,87
BSP21115|13,92
BSP21120|13,39
BSP21125|9,45
BSP21126|31,13
BSP21127|4,41
BSP21128|4,41
BSP21130|11,97
BSP21132|8,92
BSP21134|5,14
BSP21135|9,90
BSP21136|5,04
BSP21137|14,92
BSP21138|30,15
BSP21139|16,28
BSP21140|9,76
BSP21142|16,22
BSP21143|16,22
BSP21144|8,49
BSP21146|6,03
BSP21155|7,82
BSP21157|11,24
BSP21158|18,17
BSP21159|18,17
BSP21162|7,82
BSP21163|4,62
BSP21166|12,34
BSP21170|19,69
BSP21171|10,13
BSP21173|6,60
BSP21174|7,29
BSP21175|8,19
BSP21176|7,03
BSP21177|7,03
BSP21178|12,34
BSP21182|8,82
BSP21183|25,41
BSP21185|16,28
BSP21186|6,98
BSP21187|7,40
BSP21195|12,29
BSP21200|7,40
BSP21201|8,45
BSP21203|10,76
BSP21207|12,08
BSP21208|8,08
BSP21213|11,71
BSP21217|4,41
BSP21218|14,91
BSP21219|7,08
BSP21221|8,50
BSP21223|9,76
BSP21224|13,23
BSP21225|6,09
BSP21226|10,24
BSP21229|4,46
BSP21231|13,60
BSP21232|19,32
BSP21233|11,76
BSP21234|15,96
BSP21235|6,72
BSP21236|14,44
BSP21237|11,18
BSP21238|21,52
BSP21242|9,29
BSP21245|7,45
BSP21247|43,57
BSP21248|43,57
BSP21250|8,50
BSP21251|15,96
BSP21252|14,44
BSP21253|6,14
BSP21254|7,29
BSP21256|26,26
BSP21261|20,74
BSP21262|13,23
BSP21263|17,38
BSP21264|17,38
BSP21265|11,18
BSP21266|13,18
BSP21267|11,18
BSP21268|11,18
BSP21269|32,55
BSP21270|20,32
BSP21273|6,03
BSP21274|10,45
BSP21275|24,20
BSP21276|28,08
BSP21277|28,08
BSP21281|9,75
BSP21284|8,71
BSP21285|10,53
BSP21287|8,29
BSP21288|11,24
BSP21289|51,24
BSP21291|8,55
BSP21293|4,46
BSP21294|19,63
BSP21295|22,68
BSP21298|16,07
BSP21299|11,13
BSP21300|11,13
BSP21301|9,39
BSP21302|20,82
BSP21304|5,56
BSP21305|34,18
BSP21308|7,24
BSP21310|44,47
BSP21311|6,40
BSP21312|10,50
BSP21314|8,08
BSP21315|18,22
BSP21317|16,91
BSP21318|24,20
BSP21319|17,43
BSP21326|19,90
BSP21327|19,01
BSP21328|28,08
BSP21329|9,03
BSP21330|33,25
BSP21331|37,25
BSP21332|6,56
BSP21333|19,43
BSP21334|19,43
BSP21335|10,24
BSP21336|44,68
BSP21337|8,55
BSP21338|25,41
BSP21339|6,87
BSP21343|12,18
BSP21344|9,76
BSP21345|8,61
BSP21346|14,49
BSP21347|11,50
BSP21348|10,71
BSP21350|22,89
BSP21352|6,51
BSP21353|6,51
BSP21355|8,82
BSP21357|11,55
BSP21358|20,16
BSP21359|10,29
BSP21360|11,24
BSP21361|9,55
BSP21362|24,36
BSP21363|28,77
BSP21365|11,13
BSP21366|17,25
BSP21367|20,27
BSP21368|8,45
BSP21372|13,50
BSP21375|12,50
BSP21376|29,29
BSP21377|29,29
BSP21379|15,39
BSP21380|7,19
BSP21383|12,13
BSP21384|10,66
BSP21385|10,18
BSP21386|11,55
BSP21387|22,50
BSP21388|22,50
BSP21389|32,24
BSP21390|29,19
BSP21391|24,36
BSP21392|11,55
BSP21394|18,27
BSP21395|13,39
BSP21396|12,18
BSP21397|7,03
BSP21398|16,80
BSP21399|10,08
BSP21402|24,66
BSP21403|26,39
BSP21404|8,97
BSP21405|8,97
BSP21406|12,92
BSP21408|38,63
BSP21410|16,59
BSP21411|13,86
BSP21412|13,86
BSP21413|13,08
BSP21414|11,13
BSP21415|18,75
BSP21416|25,57
BSP21419|25,99
BSP21421|11,24
BSP21422|9,87
BSP21423|12,03
BSP21424|23,89
BSP21427|18,75
BSP21428|18,75
BSP21429|18,75
BSP21430|9,23
BSP21431|16,07
BSP21433|21,16
BSP21435|20,16
BSP21437|22,50
BSP21438|9,76
BSP21439|38,63
BSP21440|18,75
BSP21441|20,21
BSP21443|24,25
BSP21444|25,57
BSP21445|14,18
BSP21446|13,47
BSP21448|10,97
BSP21453|17,00
BSP21454|17,00
BSP21455|9,55
BSP21456|17,38
BSP21458|20,74
BSP21459|20,74
BSP21464|52,03
BSP21466|43,52
BSP21467|24,52
BSP21468|26,25
BSP21469|41,06
BSP21470|41,06
BSP21471|24,36
BSP21475|26,25
BSP21476|26,25
BSP21478|40,37
BSP21479|23,36
BSP21481|12,81
BSP21482|22,21
BSP21483|16,28
BSP21484|15,39
BSP21486|19,22
BSP21487|11,13
BSP21488|12,97
BSP21489|33,92
BSP21490|33,92
BSP21491|40,92
BSP21497|20,32
BSP21500|23,93
BSP21502|29,13
BSP21503|29,13
BSP21506|23,78
BSP21507|19,32
BSP21509|28,08
BSP21510|13,13
BSP21511|37,69
BSP21512|27,30
BSP21514|24,73
BSP21519|25,25
BSP21520|12,24
BSP21521|11,24
BSP21522|34,13
BSP21525|15,39
BSP21528|40,85
BSP21530|79,80
BSP21531|19,22
BSP21532|19,64
BSP21538|43,00
BSP21540|39,64
BSP21541|13,13
BSP21542|52,66
BSP21543|64,68
BSP21545|29,13
BSP21546|14,91
BSP21547|14,91
BSP21548|25,41
BSP21549|23,68
BSP21550|37,50
BSP21551|37,50
BSP21552|21,47
BSP21556|30,87
BSP21557|45,67
BSP21558|24,78
BSP21561|17,01
BSP21562|17,01
BSP21564|27,30
BSP21569|16,80
BSP21571|38,69
BSP21572|38,69
BSP21573|26,51
BSP21574|45,00
BSP21575|39,53
BSP21582|16,75
BSP21583|32,87
BSP21585|71,92
BSP21588|50,20
BSP21589|55,39
BSP21591|24,57
BSP21592|24,57
BSP21593|13,29
BSP21598|19,85
BSP21601|70,56
BSP21605|24,36
BSP21606|93,72
BSP21607|94,04
BSP21608|32,13
BSP21610|48,98
BSP21611|58,70
BSP21612|123,90
BSP21613|22,31
BSP21614|19,22
BSP21615|19,22
BSP21616|24,36
BSP21617|12,92
BSP21618|13,71
BSP21620|55,81
BSP21621|36,12
BSP21622|48,72
BSP21623|15,00
BSP21630|34,55
BSP21631|72,26
BSP21633|32,55
BSP21635|40,51
BSP21636|40,51
BSP21637|31,08
BSP21638|10,29
BSP21639|24,36
BSP21640|68,77
BSP21641|68,77
BSP21642|45,52
BSP21648|28,08
BSP21649|8,40
BSP21653|29,76
BSP21654|29,76
BSP21657|44,83
BSP21658|44,83
BSP21659|11,03
BSP21660|15,91
BSP21663|7,77
BSP21664|47,20
BSP21665|47,20
BSP21666|12,29
BSP21667|49,77
BSP21668|49,66
BSP21669|51,87
BSP21670|51,87
BSP21671|14,65
BSP21672|37,17
BSP21673|37,17
BSP21674|12,66
BSP21675|22,21
BSP21676|19,22
BSP21677|19,22
BSP21678|25,41
BSP21679|16,07
BSP21681|30,61
BSP21682|70,71
BSP21683|19,69
BSP21686|76,86
BSP21687|69,19
BSP21688|63,31
BSP21691|15,80
BSP21692|15,80
BSP21693|15,80
BSP21694|15,80
BSP21696|25,41
BSP21699|35,60
BSP21701|34,50
BSP21703|38,27
BSP21704|18,75
BSP21705|22,21
BSP21711|46,20
BSP21712|24,04
BSP21713|56,84
BSP21714|23,10
BSP21715|20,16
BSP21717|12,09
BSP21718|28,35
BSP21719|26,14
BSP21720|54,18
BSP21723|23,89
BSP21726|88,09
BSP21727|21,26
BSP21728|21,26
BSP21729|43,31
BSP21730|43,31
BSP21732|28,08
BSP21735|29,13
BSP21736|29,13
BSP21737|22,89
BSP21738|44,94
BSP21739|20,74
BSP21741|15,91
BSP21742|36,91
BSP21743|38,96
BSP21744|48,35
BSP21746|52,45
BSP21747|63,31
BSP21748|74,55
BSP21749|23,10
BSP21751|58,07
BSP21753|45,52
BSP21754|28,61
BSP21755|45,31
BSP21756|34,60
BSP21757|34,60
BSP21758|29,82
BSP21759|29,82
BSP21760|13,71
BSP21761|50,87
BSP21762|88,15
BSP21763|21,63
BSP21766|39,17
BSP21767|17,48
BSP21768|25,41
BSP21770|122,33
BSP21771|42,05
BSP21772|42,05
BSP21773|89,09
BSP21775|66,31
BSP21776|13,71
BSP21777|20,69
BSP21778|20,69
BSP21779|41,21
BSP21780|41,21
BSP21781|53,45
BSP21782|23,73
BSP21783|19,74
BSP21784|20,63
BSP21785|58,85
BSP21786|58,85
BSP21787|68,25
BSP21788|81,74
BSP21789|25,30
BSP21793|21,94
BSP21794|29,08
BSP21795|29,13
BSP21796|58,38
BSP21797|39,27
BSP21798|15,49
BSP21799|25,20
BSP21800|25,20
BSP21801|26,14
BSP21802|24,67
BSP21803|24,67
BSP21804|46,88
BSP21805|17,85
BSP21807|30,34
BSP21808|37,17
BSP21809|121,80
BSP21810|39,85
BSP21813|48,77
BSP21815|49,71
BSP21816|49,71
BSP21817|18,40
BSP21818|17,27
BSP21819|38,63
BSP21820|38,63
BSP21821|22,68
BSP21822|22,68
BSP21824|44,78
BSP21825|44,68
BSP21826|42,84
BSP21827|42,84
BSP21828|44,60
BSP21829|71,92
BSP21830|28,27
BSP21832|147,65
BSP21834|28,24
BSP21835|10,85
BSP21836|19,00
BSP21837|17,48
BSP21838|32,03
BSP21839|32,03
BSP21840|27,03
BSP21841|27,03
BSP21843|70,56
BSP21844|141,75
BSP21845|43,36
BSP21846|78,91
BSP21847|22,99
BSP21848|22,99
BSP21850|64,68
BSP21851|54,24
BSP21852|247,28
BSP21853|62,69
BSP21854|21,10
BSP21855|28,35
BSP21857|83,48
BSP21858|15,91
BSP21863|17,33
BSP21866|27,09
BSP21867|36,12
BSP21868|164,69
BSP21869|164,69
BSP21872|64,78
BSP21873|73,18
BSP21874|81,80
BSP21875|21,79
BSP21876|21,79
BSP21877|78,28
BSP21878|78,28
BSP21879|25,93
BSP21880|55,00
BSP21881|73,55
BSP21882|21,00
BSP21883|21,00
BSP21884|31,82
BSP21886|77,50
BSP21888|25,41
BSP21889|75,60
BSP21890|25,41
BSP21891|19,95
BSP21892|19,95
BSP21894|140,18
BSP21895|24,36
BSP21898|16,58
BSP21900|32,87
BSP21901|19,43
BSP21902|19,43
BSP21903|21,05
BSP21907|14,00
BSP21909|54,24
BSP21911|57,44
BSP21912|57,44
BSP21913|26,40
BSP21915|45,62
BSP21917|29,15
BSP21918|27,03
BSP21920|26,40
BSP21923|40,37
BSP21924|17,27
BSP21925|27,82
BSP21926|28,82
BSP21929|18,69
BSP21930|117,55
BSP21931|29,76
BSP21933|24,10
BSP21940|27,72
BSP21941|38,50
BSP21942|120,72
BSP21943|57,44
BSP21944|57,44
BSP21945|29,50
BSP21946|19,69
BSP21947|61,43
BSP21949|19,05
BSP21950|75,39
BSP21951|35,28
BSP21952|35,28
BSP21955|7,29
BSP21956|79,54
BSP21957|79,54
BSP21958|26,30
BSP21961|41,42
BSP21963|32,87
BSP21965|45,31
BSP21966|45,31
BSP21967|58,83
BSP21968|54,60
BSP21971|56,86
BSP21972|37,17
BSP21973|37,17
BSP21974|23,89
BSP21975|23,89
BSP21976|17,45
BSP21979|45,52
BSP21980|21,26
BSP21981|21,26
BSP21983|76,18
BSP21984|82,79
BSP21985|159,76
BSP21986|30,24
BSP21987|33,66
BSP21988|70,35
BSP21989|237,82
BSP21990|26,00
BSP21992|38,59
BSP21993|33,81
BSP21994|33,81
BSP21995|37,17
BSP21996|37,17
BSP21997|69,30
BSP21999|24,57
BSP22000|24,57
BSP22001|46,55
BSP22002|54,60
BSP22003|54,60
BSP22004|30,92
BSP22005|43,73
BSP22006|56,76
BSP22007|85,57
BSP22010|28,65
BSP22011|21,89
BSP22014|37,17
BSP22015|37,17
BSP22016|113,92
BSP22017|50,08
BSP22018|26,51
BSP22020|72,66
BSP22021|61,48
BSP22022|83,37
BSP22023|69,24
BSP22024|28,56
BSP22026|30,55
BSP22027|64,73
BSP22028|27,19
BSP22030|40,85
BSP22031|71,61
BSP22032|61,79
BSP22033|185,92
BSP22035|68,25
BSP22036|68,25
BSP22041|23,80
BSP22042|50,34
BSP22044|193,20
BSP22045|30,55
BSP22046|23,62
BSP22050|78,39
BSP22051|78,39
BSP22055|93,29
BSP22056|42,10
BSP22060|130,15
BSP22061|160,97
BSP22062|90,66
BSP22065|47,77
BSP22066|26,30
BSP22068|21,80
BSP22069|21,80
BSP22070|22,70
BSP22071|21,00
BSP22072|21,00
BSP22073|46,62
BSP22074|109,51
BSP22075|109,51
BSP22076|69,14
BSP22077|36,54
BSP22078|36,54
BSP22082|64,68
BSP22083|46,04
BSP22084|31,45
BSP22085|54,71
BSP22086|81,11
BSP22087|81,11
BSP22088|60,80
BSP22089|60,80
BSP22090|74,55
BSP22091|104,32
BSP22092|25,85
BSP22093|243,08
BSP22094|62,69
BSP22095|96,13
BSP22096|92,76
BSP22097|172,83
BSP22100|100,96
BSP22101|75,76
BSP22102|41,16
BSP22103|41,16
BSP22104|68,98
BSP22105|46,72
BSP22106|112,35
BSP22108|101,85
BSP22111|93,29
BSP22112|42,10
BSP22113|54,39
BSP22114|106,57
BSP22115|106,57
BSP22116|37,49
BSP22117|36,54
BSP22118|75,18
BSP22119|47,93
BSP22120|66,67
BSP22122|81,11
BSP22123|81,11
BSP22124|29,85
BSP22125|37,38
BSP22126|39,95
BSP22127|32,30
BSP22128|58,70
BSP22129|28,35
BSP22130|71,92
BSP22131|31,29
BSP22132|31,29
BSP22135|85,57
BSP22136|46,41
BSP22137|84,52
BSP22138|101,33
BSP22139|46,88
BSP22141|70,65
BSP22142|51,63
BSP22143|51,63
BSP22144|34,02
BSP22145|109,51
BSP22146|109,51
BSP22147|159,92
BSP22148|69,14
BSP22149|69,14
BSP22150|113,39
BSP22151|87,25
BSP22152|95,71
BSP22154|51,03
BSP22155|60,80
BSP22156|60,80
BSP22157|57,75
BSP22158|57,75
BSP22160|145,95
BSP22161|164,33
BSP22163|92,76
BSP22165|85,68
BSP22166|172,20
BSP22167|74,66
BSP22168|142,80
BSP22169|270,90
BSP22173|85,68
BSP22174|175,50
BSP22177|138,08
BSP22178|229,04
BSP22179|77,39
BSP22180|71,20
BSP22181|339,55
BSP22182|48,30
BSP22184|87,67
BSP22185|77,97
BSP22186|77,97
BSP22187|159,97
BSP22188|159,97
BSP22189|55,23
BSP22191|53,24
BSP22194|73,08
BSP22195|67,93
BSP22197|119,18
BSP22198|69,14
BSP22199|79,01
BSP22200|72,55
BSP22201|80,01
BSP22202|51,66
BSP22203|46,93
BSP22204|47,72
BSP22205|95,82
BSP22206|104,58
BSP22207|126,52
BSP22208|224,70
BSP22211|80,22
BSP22212|102,69
BSP22213|148,05
BSP22217|74,66
BSP22219|73,18
BSP22220|65,10
BSP22221|65,10
BSP22222|58,28
BSP22223|58,28
BSP22224|92,16
BSP22225|87,25
BSP22226|87,25
BSP22227|31,97
BSP22228|303,45
BSP22229|140,18
BSP22230|140,18
BSP22231|61,22
BSP22232|60,80
BSP22233|57,54
BSP22234|57,54
BSP22235|99,12
BSP22236|58,85
BSP22237|224,70
BSP22238|209,58
BSP22239|180,08
BSP22240|64,94
BSP22241|64,94
BSP22242|27,45
BSP22243|39,17
BSP22244|75,82
BSP22245|96,71
BSP22246|96,71
BSP22247|143,22
BSP22248|157,51
BSP22249|130,00
BSP22251|81,69
BSP22252|150,15
BSP22253|44,78
BSP22254|34,10
BSP22257|61,22
BSP22258|62,79
BSP22259|248,85
BSP22262|24,52
BSP22263|155,00
BSP22264|61,95
BSP22265|61,95
BSP22266|34,81
BSP22267|113,50
BSP22268|64,94
BSP22269|64,94
BSP22271|78,02
BSP22273|35,81
BSP22274|76,23
BSP22275|101,43
BSP22279|202,97
BSP22281|83,48
BSP22282|246,91
BSP22283|31,87
BSP22285|75,81
BSP22286|1048,95
BSP22287|1048,95
BSP22288|56,70
BSP22289|56,70
BSP22290|56,70
BSP22291|56,70
BSP22292|56,70
BSP22293|31,61
BSP22294|94,34
BSP22295|56,39
BSP22296|198,00
BSP22298|113,40
BSP22299|113,40
BSP22300|98,81
BSP22301|84,10
BSP22302|78,96
BSP22303|78,96
BSP22304|116,03
BSP22306|160,65
BSP22310|84,10
BSP22311|105,52
BSP22312|105,52
BSP22313|52,03
BSP22314|60,80
BSP22319|64,90
BSP22320|64,90
BSP22321|64,90
BSP22322|64,90
BSP22323|78,44
BSP22324|78,44
BSP22325|94,08
BSP22326|242,55
BSP22327|105,52
BSP22336|89,20
BSP22339|227,54
BSP22340|100,17
BSP22341|37,38
BSP22342|126,52
BSP22343|140,18
BSP22344|140,18
BSP22345|124,27
BSP22346|124,27
BSP22347|190,05
BSP22348|190,05
BSP22350|245,18
BSP22351|124,01
BSP22354|104,16
BSP22355|104,16
BSP22356|42,80
BSP22357|124,95
BSP22358|99,86
BSP22361|115,00
BSP22362|49,19
BSP22363|156,45
BSP22364|104,32
BSP22365|133,87
BSP22366|46,15
BSP22367|112,87
BSP22369|116,03
BSP22370|116,03
BSP22371|92,19
BSP22372|92,19
BSP22375|103,48
BSP22380|91,45
BSP22381|160,65
BSP22382|172,00
BSP22385|105,50
BSP22386|209,58
BSP22390|67,62
BSP22392|79,75
BSP22394|110,77
BSP22395|110,77
BSP22399|67,99
BSP22400|212,45
BSP22401|165,90
BSP22402|90,93
BSP22403|90,93
BSP22405|92,08
BSP22408|98,18
BSP22409|98,18
BSP22412|79,00
BSP22413|202,13
BSP22414|76,23
BSP22415|1048,95
BSP22416|88,41
BSP22421|183,75
BSP22422|190,57
BSP22423|581,70
BSP22426|105,47
BSP22427|105,47
BSP22430|206,85
BSP22432|62,69
BSP22433|190,57
BSP22434|165,90
BSP22435|107,62
BSP22436|115,50
BSP22437|58,85
BSP22438|142,80
BSP22439|82,53
BSP22441|172,20
BSP22442|202,13
BSP22443|72,20
BSP22444|64,94
BSP22445|64,94
BSP22446|92,08
BSP22447|92,08
BSP22448|235,69
BSP22449|235,69
BSP22450|123,09
BSP22451|123,90
BSP22452|123,90
BSP22455|265,65
BSP22462|67,62
BSP22464|136,00
BSP22468|90,00
BSP22469|90,00
BSP22471|64,94
BSP22472|64,94
BSP22473|64,78
BSP22474|64,78
BSP22475|165,90
BSP22476|163,12
BSP22477|210,76
BSP22479|89,00
BSP22480|66,83
BSP22481|71,55
BSP22482|359,10
BSP22483|359,10
BSP22485|203,70
BSP22488|1048,95
BSP22490|130,72
BSP22491|206,33
BSP22492|60,06
BSP22493|60,06
BSP22496|220,50
BSP22500|84,86
BSP22502|160,44
BSP22503|150,94
BSP22504|160,44
BSP22505|150,94
BSP22506|219,58
BSP22507|88,57
BSP22508|88,57
BSP22509|308,24
BSP22511|348,97
BSP22512|348,97
BSP22513|180,08
BSP22514|143,09
BSP22516|144,68
BSP22517|64,94
BSP22518|64,94
BSP22520|462,78
BSP22521|82,85
BSP22522|82,85
BSP22523|252,03
BSP22525|63,58
BSP22526|136,50
BSP22530|144,38
BSP22531|308,24
BSP22533|110,30
BSP22534|93,24
BSP22537|99,86
BSP22538|33,90
BSP22539|114,45
BSP22540|73,50
BSP22541|435,75
BSP22542|177,45
BSP22543|206,85
BSP22544|104,69
BSP22545|104,69
BSP22546|92,30
BSP22547|157,71
BSP22548|78,55
BSP22550|64,94
BSP22551|64,94
BSP22552|311,85
BSP22553|162,39
BSP22554|157,82
BSP22555|103,32
BSP22556|165,38
BSP22557|144,38
BSP22558|57,50
BSP22561|82,79
BSP22562|82,79
BSP22563|219,87
BSP22564|155,66
BSP22565|152,88
BSP22566|113,40
BSP22567|113,40
BSP22568|102,48
BSP22569|1048,95
BSP22570|142,80
BSP22571|1048,95
BSP22572|375,70
BSP22573|234,52
BSP22574|66,15
BSP22575|132,30
BSP22576|132,30
BSP22577|179,03
BSP22578|105,47
BSP22579|105,47
BSP22582|98,39
BSP22583|171,15
BSP22584|436,37
BSP22585|72,70
BSP22586|286,65
BSP22587|244,44
BSP22588|150,50
BSP22589|150,50
BSP22590|180,08
BSP22591|175,40
BSP22592|139,71
BSP22593|215,61
BSP22594|467,25
BSP22595|467,25
BSP22596|224,02
BSP22597|169,94
BSP22599|97,02
BSP22600|520,80
BSP22601|147,52
BSP22602|147,52
BSP22603|85,99
BSP22604|85,99
BSP22605|184,28
BSP22606|184,28
BSP22608|222,60
BSP22609|220,25
BSP22610|149,62
BSP22612|203,70
BSP22613|59,30
BSP22614|197,82
BSP22617|220,24
BSP22618|220,24
BSP22619|283,15
BSP22621|251,48
BSP22622|64,94
BSP22628|190,57
BSP22631|190,05
BSP22632|268,35
BSP22633|68,20
BSP22636|113,92
BSP22637|113,92
BSP22638|202,13
BSP22639|326,55
BSP22640|240,67
BSP22643|289,80
BSP22646|109,09
BSP22647|109,09
BSP22648|162,23
BSP22649|158,06
BSP22650|464,10
BSP22651|246,75
BSP22652|234,36
BSP22653|234,36
BSP22657|174,82
BSP22658|311,85
BSP22659|326,70
BSP22660|144,32
BSP22661|171,36
BSP22662|249,38
BSP22664|328,65
BSP22665|129,67
BSP22666|224,70
BSP22667|181,29
BSP22668|193,89
BSP22669|168,00
BSP22670|168,00
BSP22671|237,77
BSP22673|267,75
BSP22676|397,49
BSP22677|389,55
BSP22678|389,55
BSP22681|284,55
BSP22682|221,55
BSP22683|221,55
BSP22684|189,21
BSP22685|206,17
BSP22686|199,29
BSP22687|342,30
BSP22688|316,05
BSP22689|158,18
BSP22690|60,06
BSP22691|60,06
BSP22692|57,91
BSP22693|57,91
BSP22694|177,45
BSP22695|382,20
BSP22696|320,25
BSP22697|199,29
BSP22698|233,62
BSP22699|250,95
BSP22700|213,88
BSP22701|244,65
BSP22702|199,29
BSP22706|316,05
BSP22707|174,61
BSP22708|174,61
BSP22714|137,29
BSP22715|137,29
BSP22716|181,13
BSP22717|240,50
BSP22720|181,29
BSP22721|366,38
BSP22722|201,34
BSP22723|201,34
BSP22724|177,45
BSP22725|191,83
BSP22726|191,83
BSP22727|181,13
BSP22728|435,75
BSP22733|250,95
BSP22734|250,95
BSP22735|234,15
BSP22737|468,19
BSP22738|406,00
BSP22743|123,00
BSP22750|236,77
BSP22751|228,90
BSP22754|234,15
BSP22755|341,25
BSP22756|191,10
BSP22757|22,47
BSP22759|228,38
BSP22761|246,75
BSP22763|190,57
BSP22764|283,50
BSP22770|185,54
BSP22771|185,54
BSP22772|185,54
BSP22773|185,54
BSP22774|649,95
BSP22777|181,29
BSP22778|418,95
BSP22783|678,00
BSP22784|367,50
BSP22785|367,50
BSP22791|234,67
BSP22793|912,45
BSP22794|706,65
BSP22797|582,75
BSP22799|262,70
BSP22804|694,05
BSP22806|262,70
BSP22807|698,25
BSP22808|651,00
BSP22811|732,04
BSP22812|404,25
BSP22814|465,15
BSP22815|472,50
BSP22817|635,25
BSP22818|829,00
BSP22819|706,65
BSP22821|504,00
BSP22822|436,80
BSP22825|857,00
BSP22826|568,00
BSP22900|149,00
BSP22902|205,50
BSP22906|45,65
BSP22907|45,65
BSP22908|349,65
BSP22909|124,50
BSP22910|159,60
BSP22910.H|82,50
BSP22911|159,60
BSP22912|243,60
BSP22913|53,45
BSP22914|53,45
BSP22915|39,59
BSP22916|318,49
BSP22917|159,60
BSP22918|349,58
BSP22919|174,82
BSP22921|7,40
BSP22922|54,78
BSP22924|174,82
BSP22925|159,60
BSP22926|159,59
BSP22927|48,98
BSP22928|59,21
BSP22929|49,29
BSP22930|343,00
BSP22931|171,50
BSP22933|333,00
BSP22934|333,00
BSP22935|217,00
BSP22936|264,00
BSP22938|368,00
BSP22939|171,50
BSP22940|453,00
BSP22941|453,00
BSP22942|340,00
BSP22943|340,00
BSP22944|328,00
BSP22945|303,00
BSP22946|328,00
BSP22947|303,00
BSP22948|212,50
BSP22949|224,00
BSP22950|225,00
BSP22951|741,00
BSP22952|741,00
BSP23000|764,00
BSP23001|565,00
BSP23002|45,00
BSP23003|19,50
BSP23005|10,25
BSP23007|14,35
BSP23008|7,35
BSP23011|6,00
BSP23012|58,40
BSP23013|106,00
BSP23016|16,70
BSP23018|54,30
BSP23019|9,75
BSP23022|7,40
BSP23023|4,75
BSP23024|50,90
BSP23025|34,60
BSP23027|105,70
BSP23031|9,00
BSP23032|3,80
BSP23033|89,25
BSP23035|55,70
BSP23036|11,60
BSP23037|11,60
BSP23039|21,45
BSP23040|164,95
BSP23042|16,00
BSP23043|1,65
BSP23045|10,25
BSP23046|77,90
BSP23047|77,90
BSP23048|329,50
BSP23049|329,50
BSP23050|34,30
BSP23051|10,45
BSP23052|39,30
BSP23053|39,30
BSP23055|229,50
BSP23056|121,50
BSP23057|379,00
BSP23058|53,40
BSP23059|794,00
BSP23060|794,00
BSP23061|708,00
BSP23062|29,55
BSP23063|24,70
BSP23064|425,00
BSP23065|16,10
BSP23066|63,30
BSP23069|446,00
BSP23070|64,60
BSP23071|64,60
BSP23073|4,60
BSP23075|33,65
BSP23076|65,60
BSP23077|36,75
BSP23079|358,00
BSP23080|220,00
BSP23081|11,75
BSP23083|75,00
BSP23085|55,20
BSP23087|7,85
BSP23088|157,00
BSP23089|48,70
BSP23090|120,40
BSP23091|2,75
BSP23092|129,00
BSP23093|128,00
BSP23094|300,00
BSP23095|300,00
BSP23096|26,80
BSP23097|186,00
BSP23098|48,00
BSP23099|8,35
BSP23100|18,10
BSP23101|64,60
BSP23102|46,80
BSP23103|46,80
BSP23104|46,80
BSP23105|46,80
BSP23106|16,30
BSP23107|6,20
BSP23108|11,75
BSP23109|3,50
BSP23111|785,00
BSP23112|535,00
BSP23113|78,40
BSP23114|160,50
BSP23115|126,50
BSP23116|43,30
BSP23117|40,65
BSP23118|167,00
BSP23119|6,75
BSP23120|5,55
BSP23121|280,00
BSP23122|296,00
BSP23123|137,50
BSP23124|10,60
BSP23125|114,50
BSP23127|1140,00
BSP23128|35,60
BSP23129|26,50
BSP23130|19,50
BSP23131|168,50
BSP23132|1376,00
BSP23133|43,75
BSP23134|46,80
BSP23135|105,00
BSP23136|395,00
BSP23137|328,00
BSP23138|49,80
BSP23142|32,50
BSP23147|9,80
BSP23149|6,80
BSP23150|168,50
BSP23152|65,50
BSP23153|15,45
BSP23158|166,00
BSP23159|250,00
BSP23161|45,90
BSP23162|11,10
BSP23163|46,90
BSP23164|152,00
BSP23166|133,00
BSP23170|34,75
BSP23174|216,50
BSP23175|216,50
BSP23176|86,80
BSP23178|79,30
BSP23179|16,45
BSP23180|72,40
BSP23181|35,80
BSP23183|152,50
BSP23184|110,00
BSP23185|250,00
BSP23187|46,80
BSP23188|17,35
BSP23189|633,00
BSP23190|549,00
BSP23192|165,00
BSP23194|247,50
BSP23195|1140,00
BSP23196|21,30
BSP23197|71,50
BSP23198|69,60
BSP23199|56,00
BSP23200|27,40
BSP23201|33,75
BSP23202|160,50
BSP23203|10,30
BSP23204|118,50
BSP23205|94,60
BSP23208|25,50
BSP23211|1165,00
BSP23212|229,50
BSP23215|64,60
BSP23216|25,80
BSP23217|10,30
BSP23218|764,00
BSP23219|39,85
BSP23221|16,30
BSP23223|71,90
BSP23226|6,75
BSP23228|153,00
BSP23230|67,90
BSP23231|1349,00
BSP23232|70,40
BSP23233|70,40
BSP23235|168,10
BSP23236|2,80
BSP23237|13,60
BSP23240|14,20
BSP23241|6,25
BSP23243|79,50
BSP23244|1,35
BSP23245|169,00
BSP23246|5,15
BSP23247|3,10
BSP23248|313,00
BSP23249|1,75
BSP23250|447,00
BSP23255|24,65
BSP23256|488,00
BSP23258|18,25
BSP23260|151,50
BSP23261|7,05
BSP23262|6,15
BSP23263|14,60
BSP23264|361,00
BSP23265|148,50
BSP23266|38,70
BSP23267|14,00
BSP23268|99,50
BSP23269|36,25
BSP23270|251,00
BSP23271|251,00
BSP23272|251,00
BSP23273|251,00
BSP23274|196,50
BSP23276|328,00
BSP23277|21,25
BSP23278|991,00
BSP23280|1705,00
BSP23282|27,45
BSP23283|22,15
BSP23284|36,20
BSP23286|6,15
BSP23287|591,00
BSP23288|591,00
BSP23296|10,85
BSP23298|124,00
BSP23300|3,95
BSP23301|4,05
BSP23302|33,55
BSP23304|186,00
BSP23305|82,90
BSP23306|82,90
BSP23307|39,95
BSP23308|16,30
BSP23311|243,50
BSP23312|23,35
BSP23313|23,35
BSP23314|35,50
BSP23315|77,60
BSP23316|152,00
BSP23317|152,00
BSP23318|16,55
BSP23320|43,75
BSP23321|33,40
BSP23322|47,70
BSP23323|46,80
BSP23324|19,45
BSP23325|90,70
BSP23326|125,00
BSP23327|12,40
BSP23328|14,15
BSP23329|19,45
BSP23330|78,80
BSP23331|11,50
BSP23332|77,95
BSP23333|19,90
BSP23334|170,00
BSP23335|125,00
BSP23337|3975,00
BSP23338|567,00
BSP23339|244,00
BSP23340|125,00
BSP23341|60,20
BSP23342|60,20
BSP23343|161,00
BSP23344|460,00
BSP23345|46,80
BSP23346|290,00
BSP23347|250,00
BSP23348|49,90
BSP23349|39,25
BSP23350|19,00
BSP23352|61,60
BSP23353|378,00
BSP23354|378,00
BSP23355|37,50
BSP23356|50,00
BSP23357|75,40
BSP23358|31,20
BSP23359|173,00
BSP23360|7,70
BSP23361|7,70
BSP23362|90,00
BSP23363|14,35
BSP23364|21,80
BSP23365|9,00
BSP23366|115,00
BSP23367|8,40
BSP23368|41,25
BSP23369|20,70
BSP23370|97,70
BSP23371|238,00
BSP23372|106,50
BSP23373|4,50
BSP23374|19,10
BSP23375|52,50
BSP23376|35,80
BSP23377|25,95
BSP23378|34,95
BSP23379|25,95
BSP23380|6,50
BSP23381|20,50
BSP23382|263,00
BSP23385|190,35
BSP23386|37,80
BSP23388|28,35
BSP23389|24,55
BSP23391|99,30
BSP23392|99,30
BSP23393|45,98
BSP23394|32,50
BSP23395|32,50
BSP23403|14,10
BSP23404|46,60
BSP23405|37,00
BSP23406|25,10
BSP23408|37,35
BSP23409|14,60
BSP23410|40,42
BSP23411|39,70
BSP23412|76,90
BSP23414|84,60
BSP23415|72,20
BSP23416|116,00
BSP23417|72,00
BSP23418|25,15
BSP23419|66,80
BSP23421|44,25
BSP23422|20,00
BSP23423|84,20
BSP23424|38,00
BSP23425|89,20
BSP23426|89,20
BSP23427|51,80
BSP23428|22,05
BSP23431|8,70
BSP23432|89,10
BSP23433|19,40
BSP23434|16,80
BSP23435|5,20
BSP23436|11,10
BSP23438|187,50
BSP23439|210,00
BSP23440|199,00
BSP23441|16,20
BSP23442|6,95
BSP23443|6,50
BSP23444|98,10
BSP23445|19,80
BSP23446|226,50
BSP23447|225,30
BSP23448|98,40
BSP23449|101,50
BSP23450|98,40
BSP23451|101,50
BSP23452|11,60
BSP23453|331,00
BSP23454|446,00
BSP23455|446,00
BSP23456|446,00
BSP23457|446,00
BSP23458|534,00
BSP23459|446,00
BSP23460|446,00
BSP23461|440,00
BSP23462|68,00
BSP23463|12,25
BSP23464|102,00
BSP23465|171,50
BSP23466|24,10
BSP23467|24,10
BSP23468|19,90
BSP23469|224,50
BSP23470|224,50
BSP23471|5,35
BSP23472|20,45
BSP23473|12,35
BSP23474|10,20
BSP23475|1571,00
BSP23476|142,00
BSP23477|142,00
BSP23480|12,95
BSP23482|70,60
BSP23483|55,70
BSP23484|97,20
BSP23486|66,80
BSP23487|200,00
BSP23488|216,50
BSP23489|47,15
BSP23490|20,60
BSP23491|20,60
BSP23492|106,50
BSP23493|41,80
BSP23494|40,70
BSP23495|95,30
BSP23496|19,00
BSP23497|29,05
BSP23498|19,00
BSP23499|19,00
BSP23500|19,00
BSP23501|41,00
BSP23502|46,15
BSP23503|28,25
BSP23504|25,35
BSP23505|166,50
BSP23506|166,50
BSP23507|178,00
BSP23508|51,00
BSP23509|43,75
BSP23510|175,00
BSP23511|272,00
BSP23516|891,00
BSP23517|214,50
BSP23518|214,50
BSP23519|204,50
BSP23520|204,50
BSP23521|67,90
BSP23522|113,00
BSP23523|129,00
BSP23525|3,80
BSP23526|31,90
BSP23529|33,50
BSP23532|60,50
BSP23533|27,35
BSP23535|42,80
BSP23536|30,75
BSP23537|220,50
BSP23538|6,40
BSP23540|26,30
BSP23542|5,75
BSP23544|5,75
BSP23548|16,00
BSP23549|18,00
BSP23550|18,00
BSP23551|54,65
BSP23553|81,05
BSP23554|81,05
BSP23555|2,70
BSP23556|37,50
BSP23557|58,00
BSP23558|58,00
BSP23559|47,80
BSP23562|440,00
BSP23563|34,00
BSP23564|34,00
BSP23565|32,60
BSP23569|18,75
BSP23570|18,75
BSP23571|20,80
BSP23572|20,80
BSP23573|244,00
BSP23574|244,00
BSP23579|16,45
BSP23580|35,35
BSP23582|9,90
BSP23586|41,25
BSP23587|318,00
BSP23588|19,25
BSP23589|5,90
BSP23590|5,90
BSP23591|13,75
BSP23592|13,75
BSP23593|20,65
BSP23594|21,00
BSP23595|20,65
BSP23596|21,00
BSP23597|180,95
BSP23599|209,40
BSP23601|209,40
BSP23602|226,45
BSP23603|4,50
BSP23604|4,50
BSP23614|17,30
BSP23615|17,30
BSP23621|12,40
BSP23622|45,80
BSP23623|45,80
BSP23624|34,85
BSP23625|32,00
BSP23626|68,00
BSP23627|4,45
BSP23628|4,45
BSP23629|18,80
BSP23630|26,90
BSP23632|61,70
BSP23633|61,70
BSP23634|19,90
BSP23635|6,15
BSP23636|19,90
BSP23637|6,15
BSP23640|6,65
BSP23641|6,65
BSP23642|18,10
BSP23643|22,20
BSP23644|155,00
BSP23645|155,00
BSP23646|140,50
BSP23647|306,00
BSP23648|140,50
BSP23649|306,00
BSP23650|58,00
BSP23651|337,00
BSP23652|337,00
BSP23653|29,65
BSP23654|86,35
BSP23655|4,00
BSP23656|4,00
BSP23660|1,95
BSP23661|12,85
BSP23662|12,85
BSP23663|48,95
BSP23664|205,00
BSP23665|229,05
BSP23666|21,60
BSP23667|21,60
BSP23670|259,70
BSP23671|99,70
BSP23672|39,00
BSP23673|273,00
BSP23674|29,10
BSP23675|13,60
BSP23677|31,95
BSP23678|31,95
BSP23679|190,50
BSP23680|84,20
BSP23681|9,80
BSP23682|19,90
BSP23683|19,90
BSP23685|1785,00
BSP23686|25,15
BSP23687|35,80
BSP23688|73,10
BSP23689|73,10
BSP23690|40,35
BSP23691|38,10
BSP23692|150,50
BSP23693|150,50
BSP23694|49,05
BSP23696|253,00
BSP23697|27,65
BSP23698|31,95
BSP23699|208,00
BSP23700|24,00
BSP23701|21,65
BSP23702|13,40
BSP23703|13,40
BSP23704|42,25
BSP23707|40,10
BSP23708|40,10
BSP23709|81,90
BSP23710|6,35
BSP23711|82,30
BSP23712|82,30
BSP23713|25,30
BSP23714|25,30
BSP23715|22,05
BSP23716|463,00
BSP23717|457,00
BSP23718|21,30
BSP23719|21,30
BSP23720|6,30
BSP23721|6,30
BSP23722|176,00
BSP23723|176,00
BSP23724|7,25
BSP23725|485,00
BSP23726|5,55
BSP23727|9,40
BSP23728|9,40
BSP23730|17,70
BSP23731|19,95
BSP23732|17,70
BSP23733|19,95
BSP23735|33,80
BSP23736|21,80
BSP23737|263,00
BSP23738|169,50
BSP23739|21,95
BSP23740|110,50
BSP23741|217,00
BSP23742|48,65
BSP23744|28,80
BSP23745|28,80
BSP23747|4,85
BSP23750|59,10
BSP23751|36,90
BSP23752|36,90
BSP23753|29,55
BSP23754|12,45
BSP23755|197,00
BSP23756|36,08
BSP23757|35,45
BSP23758|657,00
BSP23759|108,50
BSP23760|108,50
BSP23761|19,00
BSP23762|20,30
BSP23763|114,00
BSP23764|114,00
BSP23765|4,85
BSP23766|114,20
BSP23767|5,90
BSP23770|95,40
BSP23771|95,40
BSP23772|52,40
BSP23773|22,05
BSP23774|22,05
BSP23775|221,00
BSP23776|221,00
BSP23777|43,15
BSP23778|43,15
BSP23779|128,00
BSP23780|174,00
BSP23781|10,05
BSP23782|109,00
BSP23784|322,00
BSP23785|325,00
BSP23788|44,55
BSP23789|24,00
BSP23790|13,95
BSP23791|36,55
BSP23793|227,50
BSP23794|59,50
BSP23795|25,45
BSP23796|14,15
BSP23797|91,00
BSP23798|91,00
BSP23799|246,00
BSP23800|75,80
BSP23801|242,00
BSP23802|75,80
BSP23803|94,40
BSP23804|94,40
BSP23805|388,00
BSP23808|14,05
BSP23809|23,30
BSP23810|24,10
BSP23811|24,10
BSP23812|9,40
BSP23813|9,40
BSP23814|44,90
BSP23815|46,40
BSP23816|268,00
BSP23817|10,55
BSP23818|10,55
BSP23819|158,70
BSP23820|373,00
BSP23821|7,60
BSP23822|41,70
BSP23823|41,70
BSP23825|115,95
BSP23826|115,95
BSP23827|118,10
BSP23828|118,10
BSP23829|37,85
BSP23830|63,80
BSP23831|77,50
BSP23832|6,45
BSP23833|6,45
BSP23834|48,35
BSP23836|48,45
BSP23837|32,70
BSP23838|88,15
BSP23839|88,15
BSP23840|88,15
BSP23841|88,15
BSP23842|21,60
BSP23843|21,60
BSP23844|754,00
BSP23845|754,00
BSP23846|392,00
BSP23847|392,00
BSP23848|609,00
BSP23849|609,00
BSP23850|29,40
BSP23851|119,75
BSP23852|373,00
BSP23853|7,60
BSP23854|57,60
BSP23857|313,00
BSP23858|66,68
BSP23859|66,68
BSP23860|28,40
BSP23861|28,40
BSP23862|28,40
BSP23863|28,40
BSP23864|47,90
BSP23866|47,90
BSP23868|519,00
BSP23869|255,00
BSP23870|39,75
BSP23871|81,75
BSP23872|81,75
BSP23875|26,90
BSP23876|413,00
BSP23877|103,90
BSP23878|103,90
BSP23879|187,00
BSP23880|126,00
BSP23881|93,20
BSP23883|27,45
BSP23884|111,00
BSP23885|111,00
BSP23886|45,45
BSP23887|244,50
BSP23888|29,70
BSP23889|180,00
BSP23890|42,00
BSP23891|60,20
BSP23892|53,00
BSP23893|53,00
BSP23894|22,40
BSP23895|40,65
BSP23897|98,70
BSP23899|237,50
BSP23900|114,50
BSP23901|124,00
BSP23902|18,25
BSP23903|18,25
BSP23904|67,90
BSP23908|19,50
BSP23909|51,95
BSP23910|51,95
BSP23914|4,75
BSP23916|4,75
BSP23919|105,05
BSP23925|3,75
BSP23926|3,75
BSP23927|25,75
BSP23928|25,75
BSP23933|18,00
BSP23934|18,00
BSP23939|10,60
BSP23940|10,60
BSP23942|12,55
BSP23943|52,30
BSP23944|10,05
BSP23945|10,05
BSP23948|24,50
BSP23950|15,70
BSP23951|15,70
BSP23952|10,05
BSP23956|30,05
BSP23957|31,00
BSP23958|30,05
BSP23962|18,45
BSP23963|61,70
BSP23964|61,70
BSP23966|100,55
BSP23967|100,55
BSP23968|100,55
BSP23969|100,55
BSP23970|130,75
BSP23971|142,40
BSP23972|130,75
BSP23973|142,40
BSP23974|16,05
BSP23977|2,50
BSP23978|2,50
BSP23979|189,80
BSP23984|236,00
BSP23985|78,90
BSP23986|78,90
BSP23987|9,65
BSP23989|34,65
BSP23991|218,00
BSP23992|174,50
BSP23994|14,55
BSP23996|118,50
BSP23997|84,20
BSP23998|84,20
BSP24000|138,00
BSP24002|138,00
BSP24007|24,25
BSP24008|13,35
BSP24009|645,00
BSP24010|157,00
BSP24011|157,00
BSP24012|31,25
BSP24015|252,00
BSP24017|79,00
BSP24018|153,00
BSP24020|150,00
BSP24021|150,00
BSP24022|332,00
BSP24023|48,50
BSP24024|29,90
BSP24025|56,05
BSP24026|83,25
BSP24027|83,25
BSP24028|183,00
BSP24032|227,00
BSP24033|21,00
BSP24034|41,50
BSP24035|35,25
BSP24037|50,50
BSP24038|50,50
BSP24039|85,00
BSP24040|85,00
BSP24041|36,85
BSP24042|14,90
BSP24044|32,90
BSP24045|10,40
BSP24046|233,00
BSP24047|189,00
BSP24048|189,00
BSP24049|6,90
BSP24050|6,90
BSP24051|6,90
BSP24052|6,90
BSP24053|23,20
BSP24054|67,70
BSP24055|80,40
BSP24057|16,00
BSP24058|250,00
BSP24059|7,10
BSP24061|18,35
BSP24062|46,85
BSP24063|49,50
BSP24064|138,00
BSP24065|113,40
BSP24066|272,00
BSP24067|263,00
BSP24069|65,40
BSP24073|13,00
BSP24074|479,00
BSP24075|156,50
BSP24076|92,20
BSP24078|375,00
BSP24080|18,10
BSP24081|18,10
BSP24082|18,10
BSP24083|18,10
BSP24085|286,00
BSP24088|16,05
BSP24089|16,05
BSP24090|13,10
BSP24093|105,00
BSP24094|196,00
BSP24095|196,00
BSP24096|203,00
BSP24097|31,75
BSP24102|35,80
BSP24104|140,50
BSP24105|21,40
BSP24107|80,80
BSP24108|80,80
BSP24111|22,10
BSP24112|245,00
BSP24113|189,50
BSP24114|21,45
BSP24115|21,45
BSP24116|15,40
BSP24117|18,20
BSP24118|258,00
BSP24121|28,65
BSP24123|13,05
BSP24124|13,05
BSP24125|70,70
BSP24126|37,35
BSP24127|31,75
BSP24128|69,00
BSP24129|55,00
BSP24130|69,00
BSP24131|55,00
BSP24132|62,50
BSP24133|62,50
BSP24138|115,00
BSP24139|115,00
BSP24140|29,41
BSP24141|246,00
BSP24143|6,20
BSP24144|5,20
BSP24145|6,60
BSP24149|462,00
BSP24151|16,75
BSP24152|9,55
BSP24153|8,40
BSP24155|25,65
BSP24160|32,80
BSP24161|131,50
BSP24162|34,50
BSP24163|34,50
BSP24167|4,55
BSP24169|4,15
BSP24170|46,95
BSP24171|46,95
BSP24172|296,00
BSP24173|21,30
BSP24174|408,00
BSP24175|30,40
BSP24180|58,95
BSP24181|58,95
BSP24182|23,10
BSP24189|16,02
BSP24190|16,02
BSP24192|622,00
BSP24193|622,00
BSP24194|163,65
BSP24195|28,90
BSP24196|28,90
BSP24199|168,05
BSP24200|246,65
BSP24210|29,30
BSP24211|29,30
BSP24217|241,00
BSP24218|27,25
BSP24219|46,00
BSP24220|10,15
BSP24221|75,90
BSP24222|54,00
BSP24223|54,00
BSP24224|49,65
BSP24225|49,65
BSP24226|12,25
BSP24227|309,00
BSP24228|37,05
BSP24229|154,50
BSP24230|70,50
BSP24231|46,80
BSP24232|9,05
BSP24234|30,50
BSP24235|503,00
BSP24236|242,00
BSP24237|17,50
BSP24238|19,25
BSP24239|17,50
BSP24240|19,25
BSP24241|185,00
BSP24242|13,85
BSP24243|235,50
BSP24244|22,65
BSP24245|12,90
BSP24246|256,20
BSP24247|52,70
BSP24248|10,15
BSP24249|239,00
BSP24250|239,00
BSP24251|132,00
BSP24252|94,10
BSP24253|94,10
BSP24254|46,50
BSP24255|11,55
BSP24256|166,00
BSP24257|166,00
BSP24258|22,45
BSP24259|22,10
BSP24262|68,50
BSP24263|65,80
BSP24264|65,80
BSP24265|46,55
BSP24266|14,95
BSP24267|14,95
BSP24268|77,27
BSP24271|211,50
BSP24272|278,00
BSP24273|88,00
BSP24274|88,00
BSP24275|173,50
BSP24276|173,50
BSP24277|196,50
BSP24278|64,90
BSP24284|53,00
BSP24285|68,90
BSP24287|14,15
BSP24289|46,10
BSP24290|35,70
BSP24291|286,00
BSP24292|96,70
BSP24293|40,65
BSP24294|20,40
BSP24295|281,00
BSP24296|40,20
BSP24297|14,60
BSP24298|18,35
BSP24299|50,50
BSP24300|50,50
BSP24301|18,60
BSP24302|8,70
BSP24303|25,10
BSP24306|15,40
BSP24307|30,40
BSP24308|28,50
BSP24309|17,20
BSP24310|115,00
BSP24311|26,35
BSP24312|26,35
BSP24313|301,00
BSP24314|136,50
BSP24315|166,00
BSP24316|206,50
BSP24317|545,00
BSP24318|34,20
BSP24319|23,10
BSP24320|37,00
BSP24321|34,46
BSP24322|20,10
BSP24323|4,70
BSP24324|4,50
BSP24325|10,65
BSP24327|61,70
BSP24328|61,70
BSP24329|61,70
BSP24330|61,70
BSP24331|49,15
BSP24332|13,70
BSP24333|53,10
BSP24334|20,50
BSP24335|671,00
BSP24336|167,50
BSP24337|198,50
BSP24338|50,40
BSP24339|50,40
BSP24340|48,00
BSP24341|20,15
BSP24342|35,80
BSP24343|50,50
BSP24344|98,20
BSP24345|248,50
BSP24346|248,50
BSP24347|80,70
BSP24348|120,00
BSP24350|104,50
BSP24351|40,10
BSP24352|13,95
BSP24353|7,15
BSP24354|15,00
BSP24355|19,20
BSP24356|11,15
BSP24357|20,10
BSP24358|88,50
BSP24359|54,50
BSP24360|54,50
BSP24361|13,10
BSP24362|24,10
BSP24363|5,20
BSP24364|13,95
BSP24365|13,95
BSP24366|19,25
BSP24367|475,00
BSP24368|475,00
BSP24369|155,00
BSP24370|20,15
BSP24371|23,45
BSP24372|7,00
BSP24373|30,60
BSP24374|57,40
BSP24377|22,00
BSP24378|19,10
BSP24379|68,90
BSP24380|60,00
BSP24381|370,00
BSP24382|585,00
BSP24383|333,00
BSP24384|333,00
BW70001|34,99
BW70002|46,00
BW70003|24,80
BW70004|19,58
BW70005|19,58
BW70006|5,83
BW70007|11,00
BW70008|8,27
BW70010|15,76
BW70011|14,06
BW70013|18,08
BW70014|9,00
BW70015|14,77
BW70016|14,06
BW70017|15,14
BW70018|15,14
BW70019|18,03
BW70020|14,42
BW70021|14,42
BW70022|18,93
BW70023|18,03
BW70024|18,03
BW70025|18,93
BW70026|18,03
BW70027|18,93
BW70028|18,93
BW70029|13,30
BW70030|13,95
BW70031|13,95
BW70032|14,50
BW70033|13,50
BW70034|13,50
BW70035|15,65
BW70036|15,65
BW70037|17,20
BW70038|23,60
BW70039|22,47
BW70040|23,60
BW70041|20,43
BW70042|21,45
BW70044|23,60
BW70045|22,47
BW70046|22,47
BW70047|11,70
BW70048|20,43
BW70049|21,45
BW70050|20,43
BW70051|23,60
BW70052|22,47
BW70053|22,47
BW70054|22,47
BW70055|22,47
BW70056|22,47
BW70057|23,60
BW70058|20,30
BW70059|16,52
BW70060|15,55
BW70061|14,55
BW70062|11,90
BW70063|8,64
BW70068|15,66
BW70069|19,24
BW70070|17,70
BW70071|18,60
BW70072|10,70
BW70073|13,90
BW70075|10,30
BW70077|12,90
BW70078|14,00
BW70079|25,50
BW70080|15,10
BW70082|33,60
BW70083|15,50
BW70084|23,50
BW70087|2,40
BW70088|4,54
BW70089|5,85
BW70091|17,79
BW70092|16,76
BW70093|43,77
BW70094|8,51
BW70095|7,01
BW70095SET1+1|7,42
BW70096|7,05
BW70097|9,20
BW70099|41,30
BW70100|17,84
BW70101|19,00
BW70102|19,00
BW70103|6,58
BW70106|18,85
BW70107|12,92
BW70109|8,80
BW70110|9,71
BW70111|7,18
BW70111|6,24
BW70112|8,94
BW70113|15,26
BW70115|6,51
BW70116|6,51
BW70117|18,03
BW70118|18,93
BW70119|23,60
BW70120|23,60
BW70121|23,30
BW70122|19,83
BW70123|18,65
BW70124|19,83
BW70125|19,24
BW70126|21,07
BW70127|23,56
BW70128|22,32
BW70129|19,04
BW70131|24,54
BW70132|21,42
BW70133|22,32
BW70134|20,23
BW70135|21,66
BW70136|21,66
BW70137|20,23
BW70138|22,61
BW70139|28,41
BW70140|21,93
BW70141|21,42
BW70142|21,01
BW70143|17,61
BW70144|21,01
BW70145|21,60
BW70147|17,20
BW70148|33,50
BW70149|18,31
BW70150|43,80
BW70151|43,10
BW70152|19,87
BW70153|35,20
BW70154|24,00
BW70155|34,40
BW70156|65,40
BW70157|27,80
BW70158|24,52
BW70159|21,50
BW70160|23,70
BW70161|28,66
BW70163|28,00
BW70164|26,10
BW70165|18,70
BW70166|38,00
BW70167|15,80
BW70168|21,99
BW70169|21,99
BW70170|13,00
BW70171|13,00
BW70172|13,00
BW70173|17,40
BW70174|13,00
BW70176|18,10
BW70177|13,00
BW70178|13,00
BW70179|16,40
BW70180|16,40
BW70181|15,80
BW70182|13,80
BW70183|13,00
BW70184|17,40
BW70185|18,00
BW70186|18,00
BW70187|21,50
BW70189|19,70
BW70190|46,25
BW70191|12,60
BW70192|11,20
BW70195|21,99
BW70196|21,99
BW70197|23,80
BW70397|16,98
BW70398|18,03
BW70399|21,96
BW70400|21,45
BW70401|3,80
BW70402|21,40
BW70403|32,76
BW70404|22,47
BW70405|24,03
BW70406|27,76
BW70407|26,44
BW70408|27,76
BW70409|26,44
BW70410|25,24
BW70411|26,44
BW70412|27,76
BW70413|25,24
BW70414|25,24
BW70415|20,43
BW70416|24,03
BW70417|21,45
BW70418|20,43
BW70419|20,43
BW70420|21,45
BW70421|24,03
BW70422|25,24
BW70423|25,24
BW70424|20,43
BW70425|20,43
BW70426|20,43
BW70427|25,24
BW70428|20,43
BW70429|24,03
BW70439|12,60
BW70440|33,60
BW70442|33,20
BW70443|24,20
BW70445|24,03
BW70446|25,24
BW70447|20,43
BW70448|21,45
BW70449|8,35
BW70450|26,00
BW70451|26,00
BW70452|31,60
BW70453|36,00
BW70454|36,00
BW70455|15,42
BW70456|34,44
BW70457|32,00
BW70458|32,00
BW70459|32,00
BW70460|16,54
BW70461|16,54
BW70464|21,65
BW70465|21,65
BW70466|21,65
BW70467|21,65
BW70468|82,35
BW70469|60,60
BW70470|6,11
BW70471|5,99
BW70472|32,04
BW70473|32,04
BW70474|30,85
BW70475|30,85
